,10.jpg,1000.jpg,1003.jpg,102_trustworthy_4_our.jpg,103.jpg,104.jpg,107.jpg,109_trustworthy_4_our.jpg,11.jpg,111.jpg,115.jpg,116.jpg,118.jpg,125.jpg,1263_trustworthy_2.jpg,1264_smart_2.jpg,1270_smart_2.jpg,1272_trustworthy_2.jpg,1273_smart_2.jpg,128.jpg,1281_smart_2.jpg,1281_trustworthy_2.jpg,1292_trustworthy_2.jpg,1293_smart_2.jpg,1297_trustworthy_2.jpg,13.jpg,1300_smart_2.jpg,1309_trustworthy_2.jpg,1310_smart_2.jpg,1310_trustworthy_2.jpg,1317_trustworthy_2.jpg,1320_smart_2.jpg,1329_smart_2.jpg,1329_trustworthy_2.jpg,133.jpg,1340_smart_2.jpg,1346_smart_2.jpg,1369_smart_2.jpg,1369_trustworthy_2.jpg,137.jpg,1382_smart_2.jpg,1383_smart_2.jpg,1383_trustworthy_2.jpg,1384_smart_2.jpg,1385_smart_2.jpg,1399_smart_2.jpg,13_smart_4_our.jpg,13_smart_4_peterson.jpg,14.jpg,1408_trustworthy_2.jpg,141.jpg,1420_smart_2.jpg,1420_trustworthy_2.jpg,1421_trustworthy_2.jpg,1435_smart_2.jpg,1435_trustworthy_2.jpg,144.jpg,1450_smart_2.jpg,1451_smart_2.jpg,1451_trustworthy_2.jpg,146.jpg,1463_smart_2.jpg,1463_trustworthy_2.jpg,1464_trustworthy_2.jpg,147.jpg,1473_trustworthy_2.jpg,148.jpg,149.jpg,14_smart_4_our.jpg,14_smart_4_peterson.jpg,15.jpg,150_smart_4_our.jpg,154.jpg,154_trustworthy_4_our.jpg,154_trustworthy_4_peterson.jpg,155.jpg,155_smart_4_our.jpg,155_smart_4_peterson.jpg,155_trustworthy_4_peterson.jpg,157_smart_4_peterson.jpg,159.jpg,15_smart_4_peterson.jpg,160_trustworthy_4_our.jpg,160_trustworthy_4_peterson.jpg,161_trustworthy_4_peterson.jpg,162.jpg,162_smart_4_our.jpg,162_smart_4_peterson.jpg,162_trustworthy_4_our.jpg,162_trustworthy_4_peterson.jpg,163.jpg,163_trustworthy_4_our.jpg,163_trustworthy_4_peterson.jpg,164_smart_4_our.jpg,164_trustworthy_4_our.jpg,164_trustworthy_4_peterson.jpg,166.jpg,167_trustworthy_4_our.jpg,167_trustworthy_4_peterson.jpg,168.jpg,169.jpg,169_smart_4_our.jpg,169_trustworthy_4_peterson.jpg,16_smart_4_our.jpg,16_trustworthy_4_peterson.jpg,170_smart_4_peterson.jpg,171.jpg,172_trustworthy_4_our.jpg,172_trustworthy_4_peterson.jpg,173.jpg,173_smart_4_our.jpg,173_smart_4_peterson.jpg,173_trustworthy_4_our.jpg,173_trustworthy_4_peterson.jpg,175.jpg,178.jpg,180.jpg,181.jpg,182.jpg,184.jpg,185.jpg,186.jpg,187.jpg,189.jpg,191.jpg,192.jpg,195.jpg,196.jpg,199.jpg,1_trustworthy_4_our.jpg,1_trustworthy_4_peterson.jpg,2.jpg,20.jpg,204.jpg,206.jpg,20_smart_4_peterson.jpg,21.jpg,211.jpg,212.jpg,213.jpg,215.jpg,216.jpg,217.jpg,219.jpg,220.jpg,228.jpg,230.jpg,233.jpg,236.jpg,238.jpg,239.jpg,23_smart_4_our.jpg,23_smart_4_peterson.jpg,240.jpg,245.jpg,247.jpg,249.jpg,25.jpg,251.jpg,253.jpg,254.jpg,259.jpg,25_smart_4_peterson.jpg,26.jpg,260.jpg,265.jpg,266.jpg,267.jpg,268.jpg,270.jpg,271.jpg,273.jpg,274.jpg,276.jpg,277.jpg,279.jpg,28.jpg,282.jpg,289.jpg,28_trustworthy_4_peterson.jpg,290.jpg,293.jpg,295.jpg,296.jpg,299.jpg,30.jpg,301.jpg,302.jpg,30_trustworthy_4_peterson.jpg,312.jpg,314.jpg,315.jpg,316.jpg,318.jpg,31_trustworthy_4_peterson.jpg,32.jpg,324.jpg,325.jpg,330.jpg,331.jpg,332.jpg,333.jpg,334.jpg,338.jpg,33_smart_4_our.jpg,33_smart_4_peterson.jpg,34,341.jpg,342.jpg,349.jpg,35.jpg,352.jpg,354.jpg,355.jpg,356.jpg,358.jpg,363.jpg,364.jpg,365.jpg,367.jpg,368.jpg,369.jpg,36_smart_4_peterson.jpg,371.jpg,375.jpg,376.jpg,379.jpg,384.jpg,385.jpg,387.jpg,39.jpg,392.jpg,395.jpg,399.jpg,4.jpg,40.jpg,400.jpg,401.jpg,402.jpg,404.jpg,409.jpg,410.jpg,411.jpg,412.jpg,413.jpg,414.jpg,42.jpg,424.jpg,426.jpg,427.jpg,434.jpg,435.jpg,436.jpg,437.jpg,438.jpg,439.jpg,43_trustworthy_4_peterson.jpg,44.jpg,444.jpg,448.jpg,450.jpg,451.jpg,452.jpg,454.jpg,455.jpg,456.jpg,457.jpg,46.jpg,460.jpg,463.jpg,464.jpg,465.jpg,467.jpg,46_smart_4_peterson.jpg,46_trustworthy_4_our.jpg,46_trustworthy_4_peterson.jpg,472.jpg,476.jpg,478.jpg,47_smart_4_our.jpg,47_smart_4_peterson.jpg,480.jpg,486.jpg,487.jpg,48_smart_4_peterson.jpg,490.jpg,491.jpg,492.jpg,494.jpg,496.jpg,499.jpg,49_smart_4_our.jpg,5,5.jpg,500.jpg,501.jpg,502.jpg,503.jpg,504.jpg,507.jpg,50_trustworthy_4_peterson.jpg,514.jpg,515.jpg,519.jpg,520.jpg,523.jpg,524.jpg,527.jpg,52_trustworthy_4_peterson.jpg,534.jpg,535.jpg,536.jpg,539.jpg,53_smart_4_our.jpg,53_smart_4_peterson.jpg,54.jpg,540.jpg,541.jpg,543.jpg,544.jpg,545.jpg,546.jpg,548.jpg,554.jpg,557.jpg,559.jpg,560.jpg,562.jpg,563.jpg,565.jpg,569.jpg,571.jpg,572.jpg,573.jpg,58.jpg,580.jpg,581.jpg,582.jpg,583.jpg,584.jpg,586.jpg,587.jpg,588.jpg,590.jpg,591.jpg,593.jpg,595.jpg,597.jpg,598.jpg,59_smart_4_peterson.jpg,59_trustworthy_4_our.jpg,59_trustworthy_4_peterson.jpg,5_smart_4_our.jpg,5_smart_4_pet,602.jpg,604.jpg,609.jpg,60_smart_4_our.jpg,60_smart_4_peterson.jpg,60_trustworthy_4_our.jpg,60_trustworthy_4_peterson.jpg,610.jpg,611.jpg,616.jpg,617.jpg,61_smart_4_our.jpg,61_smart_4_peterson.jpg,622.jpg,623.jpg,624.jpg,625.jpg,626.jpg,63.jpg,633.jpg,635.jpg,636.jpg,637.jpg,64.jpg,640.jpg,642.jpg,644.jpg,645.jpg,647.jpg,649.jpg,651.jpg,652.jpg,654.jpg,655.jpg,656.jpg,657.jpg,658.jpg,659.jpg,66.jpg,661.jpg,663.jpg,664.jpg,665.jpg,666.jpg,671.jpg,673.,673.jpg,678.jpg,682.jpg,685.jpg,686.jpg,69.jpg,691.jpg,695.jpg,70.jpg,702.jpg,706.jpg,708.jpg,70_smart_4_peterson.jpg,714.jpg,715.jpg,72.jpg,720.jpg,728.jpg,729.jpg,72_trustworthy_4_our.jpg,731.jpg,733.jpg,734.jpg,736.jpg,74.jpg,741.jpg,742.jpg,745.jpg,746.jpg,748.jpg,749.jpg,756.jpg,757.jpg,758.jpg,75_smart_4_our.jpg,75_smart_4_peterson.jpg,76.jpg,762.jpg,766.jpg,768.jpg,77.jpg,772.jpg,773.jpg,776.jpg,778.jpg,779.jpg,780.jpg,781.jpg,783.jpg,784.jpg,785.jpg,787,787.jpg,788.jpg,79.jpg,790.jpg,791.jpg,792.jpg,793.jpg,797.jpg,79_smart_4_our.jpg,79_smart_4_peterson.jpg,801.jpg,802.jpg,805.jpg,807.jpg,809.jpg,810.jpg,814.jpg,819.jpg,82.jpg,820.jpg,824.jpg,827.jpg,828.jpg,83.jpg,830.jpg,833.jpg,834.jpg,835.jpg,836.jpg,837.jpg,838.jpg,84.jpg,847.jpg,84_trustworthy_4_our.jpg,85.jpg,850.jpg,851.jpg,853.jpg,855.jpg,856.jpg,859.jpg,860.jpg,861.jpg,862.jpg,865.jpg,867.jpg,86_trustworthy_4_our.jpg,86_trustworthy_4_peterson.jpg,870.jpg,874.jpg,875.jpg,878.jpg,879.jpg,87_trustworthy_4_peterson.jpg,884.jpg,885.jpg,886.jpg,88_smart_4_our.jpg,88_smart_4_peterson.jpg,891.jpg,893.jpg,897.jpg,898.jpg,899.jpg,89_smart_4_peterson.jpg,8_trustworthy_4_our.jpg,9.jpg,90.jpg,901.jpg,903.jpg,905.jpg,907.jpg,909.jpg,91.jpg,910.jpg,913.jpg,914.jpg,916.jpg,917.jpg,92.jpg,921.jpg,922.jpg,924.jpg,927.jpg,928.jpg,931.jpg,932.jpg,933.jpg,935.jpg,936.jpg,937.jpg,94.jpg,942.jpg,943.jpg,945.jpg,946.jpg,947.jpg,949.jpg,95.jpg,952.jpg,955.jpg,957.jpg,958.jpg,960.jpg,961.jpg,962.jpg,964.jpg,965.j,967.jpg,969.jpg,974.jpg,975.jpg,976.jpg,978.jpg,979.jpg,980.jpg,981.jpg,982.jpg,984.jpg,986.jpg,987.jpg,99.jpg,991.jpg,995.jpg,999.jpg,https:,st,warmt,warmthcom,warmthcompetenc,warmthcompetence
71.24,10.05,34.72,60.72,100.0,0.8,39.28,72.55,80.72,67.43,42.56,51.65,0.0,60.86,51.8,71.58,16.07,50.13,30.85,70.39,80.03,71.72,0.0,84.08,25.07,81.85,66.09,85.12,100.0,100.0,75.07,40.35,40.0,83.44,50.13,55.9,82.23,50.0,80.81,59.73,50.13,64.88,61.13,49.46,55.63,18.61,24.71,50.67,89.81,79.22,50.4,71.72,49.27,80.16,91.15,90.88,81.23,75.34,42.08,61.13,94.91,92.09,66.49,80.03,59.92,51.61,52.77,49.55,45.41,40.08,42.93,64.21,96.11,40.08,66.5,86.33,60.58,100.0,87.57,84.99,65.82,58.71,38.89,61.13,69.15,95.17,50.0,71.8,83.07,45.31,8.85,61.8,33.44,61.39,60.19,40.08,13.38,60.32,66.17,50.4,52.63,35.25,85.04,63.67,31.2,0.0,100.0,40.56,61.26,54.69,75.07,45.84,59.27,11.15,40.21,100.0,72.25,22.95,60.46,60.86,7.91,40.62,62.6,71.72,18.0,30.43,62.47,55.79,81.38,31.15,70.11,70.11,61.0,40.35,92.68,40.08,50.27,19.03,60.05,89.81,0.0,50.27,20.42,70.11,30.83,91.8,21.66,69.6,80.03,100.0,81.79,81.5,40.88,72.39,24.19,64.8,7.4,20.78,39.81,19.71,45.9,49.6,60.81,71.18,89.81,85.88,40.08,8.7,60.72,60.72,29.09,100.0,61.8,100.0,32.6,50.94,60.86,80.81,27.3,11.55,72.12,50.0,59.65,58.31,0.0,63.54,70.64,70.11,80.03,89.96,77.76,51.92,56.43,40.85,89.14,91.69,80.16,53.75,76.01,52.01,82.04,38.13,61.42,0.0,39.54,70.7,89.28,57.04,100.0,71.18,41.13,20.06,70.64,63.81,29.49,40.3,60.72,68.5,51.69,39.11,25.47,39.28,54.69,60.05,87.4,40.21,10.05,39.01,49.51,65.79,50.0,66.22,82.84,0.0,76.5,39.17,10.0,92.76,50.0,41.1,50.13,33.77,61.93,85.6,65.68,65.88,66.92,50.4,14.93,100.0,70.24,89.01,71.45,100.0,91.29,60.95,37.72,28.69,61.39,83.12,0.0,91.02,81.42,47.44,81.69,40.08,89.97,82.17,56.97,67.01,56.03,60.32,90.08,50.13,80.16,49.87,34.7,91.42,38.07,76.07,60.84,56.59,70.11,81.64,61.93,60.46,90.35,66.49,55.65,95.44,82.08,60.86,50.27,39.03,69.97,65.95,35.74,34.99,61.8,66.22,90.21,80.53,71.05,5.1,50.8,29.36,40.75,75.74,49.59,58.04,36.07,40.62,72.39,95.31,20.0,42.09,64.34,39.54,64.75,90.48,5.36,69.57,55.43,65.55,81.42,29.62,50.27,30.03,19.97,80.83,70.11,72.39,57.37,29.76,41.27,67.16,80.67,13.63,0.0,66.49,60.59,54.56,50.8,82.17,19.46,86.16,70.11,80.03,29.22,67.56,70.64,71.45,90.08,70.51,81.66,58.28,61.26,90.82,19.03,89.95,70.11,0.0,78.28,23.61,51.8,97.05,38.28,66.87,43.81,40.48,9.25,14.93,40.62,67.56,66.49,70.11,65.68,100.0,85.18,85.04,60.59,24.82,82.48,81.42,81.51,84.58,61.13,70.91,50.0,90.95,40.0,52.01,19.71,89.28,70.91,77.39,39.17,85.39,50.16,70.24,70.7,51.61,20.42,100.0,71.18,62.47,60.19,35.25,55.36,63.4,61.85,99.04,89.81,20.0,50.67,60.72,94.61,41.43,24.26,79.62,67.69,48.28,85.52,61.53,81.97,50.94,95.17,68.77,9.03,49.73,80.43,63.4,79.76,90.48,81.51,89.01,42.93,100.0,61.52,50.42,49.87,57.37,60.19,61.13,51.14,60.19,62.47,28.85,73.06,70.82,68.52,19.3,38.56,61.39,60.32,50.27,64.61,30.57,29.49,60.86,40.08,60.72,44.91,80.83,40.85,87.57,44.59,62.47,40.08,50.67,63.4,29.09,40.0,95.88,40.48,67.56,62.73,86.87,50.0,30.43,67.83,70.11,15.18,55.63,40.08,10.32,73.82,71.66,38.07,50.13,50.0,64.75,60.99,86.87,60.86,50.0,30.29,85.37,61.53,10.48,50.96,50.4,41.35,95.86,75.74,44.64,60.99,81.51,81.51,87.01,75.47,54.29,28.95,50.13,66.88,0.0,62.87,49.46,60.32,91.55,66.76,80.95,70.11,45.44,65.28,55.76,62.27,70.91,46.65,55.76,81.94,70.64,80.7,27.91,35.25,72.79,0.0,82.71,87.9,35.39,19.03,52.2,50.4,60.72,89.01,50.0,80.56,20.7,52.87,39.54,1.59,80.03,78.28,60.86,53.18,30.94,50.27,30.03,30.16,40.39,31.41,50.8,62.87,80.08,66.62,70.78,67.02,27.58,80.0,60.32,65.95,29.62,50.4,90.14,40.88,29.01,61.66,91.29,8.87,43.38,68.05,40.54,49.83,39.86
32.44,1.27,68.66,34.85,63.14,15.42,82.48,100.0,100.0,82.21,73.79,40.28,0.67,28.58,33.46,63.39,0.0,76.94,61.41,29.09,63.64,71.41,50.42,60.46,64.48,100.0,,49.33,68.2,80.56,13.14,48.09,50.7,9.52,29.49,26.62,55.23,71.45,70.99,100.0,17.52,62.28,72.0,29.6,22.15,100.0,3.26,52.68,69.84,46.23,60.86,50.4,47.26,81.24,47.86,37.4,33.82,47.61,27.97,41.28,66.89,14.16,,64.33,51.41,61.64,33.81,29.51,61.78,40.13,80.5,32.03,83.58,61.15,100.0,18.77,40.14,63.67,100.0,60.86,0.0,58.48,8.73,78.65,71.97,34.05,97.18,70.56,25.85,46.38,13.88,57.86,27.11,42.7,87.9,81.67,41.29,40.45,23.92,82.31,61.8,80.34,40.14,87.54,9.44,13.4,61.55,61.41,42.85,55.21,15.35,91.04,23.6,18.5,45.77,23.86,23.0,0.0,74.93,90.28,14.21,61.8,13.81,37.22,26.41,84.08,65.24,71.13,23.46,34.15,50.69,64.62,92.54,63.95,29.36,63.78,96.51,52.49,21.34,34.58,13.0,21.69,8.07,67.75,27.08,100.0,46.92,92.58,62.1,91.13,80.99,68.06,24.4,16.62,6.01,56.28,0.0,24.52,62.26,40.22,29.17,71.17,60.85,60.79,40.35,80.99,10.83,21.06,53.62,89.17,32.48,91.41,70.82,73.44,61.13,38.97,45.49,70.7,16.55,28.82,21.05,72.68,80.28,67.46,20.91,33.1,87.67,48.09,23.99,81.13,72.82,45.13,84.92,61.41,72.79,32.44,66.62,68.31,100.0,,19.17,3.6,74.65,15.82,0.0,56.17,20.64,56.06,72.25,,51.13,59.52,73.73,41.99,31.47,81.13,71.17,86.48,71.55,21.96,16.76,30.99,,40.3,23.99,9.79,18.5,64.97,29.49,49.58,91.82,90.75,13.0,20.51,100.0,10.0,50.7,47.18,70.91,26.69,15.69,33.31,77.32,80.56,59.79,70.85,86.62,18.55,49.15,81.13,88.2,25.87,54.79,15.68,30.56,100.0,52.61,57.15,65.35,92.68,11.66,43.43,72.25,34.58,82.39,36.88,39.51,17.16,63.24,30.14,61.4,50.96,11.26,14.21,49.68,62.25,24.02,22.92,39.11,59.86,29.0,32.05,19.71,17.43,62.63,54.05,32.17,60.36,81.1,65.82,90.42,84.39,67.72,90.56,61.46,76.16,21.28,49.35,78.65,68.59,34.18,90.7,88.97,6.03,12.37,68.91,16.09,89.14,79.58,37.18,0.0,19.17,18.77,56.43,41.27,8.71,15.3,49.49,89.68,65.26,76.56,39.16,24.88,41.84,100.0,63.06,51.7,42.24,15.01,93.6,31.21,18.46,15.21,61.0,72.25,75.09,50.42,21.77,19.01,33.1,41.69,35.21,87.67,29.22,35.12,100.0,39.84,35.21,19.44,71.27,51.74,68.04,70.91,91.82,100.0,32.04,41.97,34.3,21.84,35.12,21.34,18.63,38.38,24.32,48.22,33.65,22.05,36.55,14.76,20.91,34.92,40.56,52.41,52.78,0.0,18.79,35.07,81.41,90.99,22.05,95.35,0.0,68.36,82.11,80.0,9.65,14.61,90.08,74.93,90.0,50.28,72.11,63.36,27.48,,82.71,29.22,13.67,75.77,30.25,55.77,61.23,61.55,76.47,79.19,51.96,56.84,73.89,75.48,4.27,92.82,51.47,44.77,29.86,42.96,14.75,100.0,13.56,52.85,59.58,57.46,27.54,32.57,100.0,71.69,15.42,50.13,76.79,100.0,84.37,19.57,82.56,61.93,39.54,70.56,19.84,22.61,19.44,24.44,59.58,92.75,32.23,65.81,72.54,70.42,19.75,19.05,26.13,58.59,26.13,8.75,33.99,71.41,77.49,61.32,91.55,38.08,11.13,61.87,41.42,25.8,28.83,15.68,14.21,71.83,85.07,88.03,0.0,18.77,94.37,38.43,43.04,49.44,100.0,72.86,,32.67,90.42,37.8,62.42,92.01,54.46,36.41,82.6,45.22,10.9,62.39,85.39,13.11,71.58,92.36,21.47,93.03,80.85,80.29,14.61,22.52,90.7,19.9,10.72,19.17,5.73,59.72,63.0,60.81,87.26,74.66,80.85,71.13,70.56,55.12,62.11,74.52,17.33,29.62,100.0,70.46,69.19,52.45,17.17,82.21,80.42,61.46,86.62,71.89,17.43,100.0,66.76,77.19,71.84,80.85,50.4,87.13,5.49,79.62,70.38,14.21,18.23,72.12,66.88,0.0,11.88,15.42,90.42,22.92,68.47,13.05,71.97,53.67,61.12,8.58,17.83,29.51,68.59,83.91,31.57,78.15,72.38,60.91,48.24,39.3,60.59,73.31,60.99,48.04,22.06,39.3,25.85,72.39,63.87,75.92,32.04,51.74,92.39,23.26,41.13,61.91,53.05,60.6,30.0,,47.68,7.01,2.77
,40.31,42.36,,46.51,42.63,71.32,18.56,50.25,17.85,69.44,72.39,11.13,,58.58,70.24,26.68,28.95,19.72,72.54,86.62,62.39,8.99,33.38,69.3,80.96,,38.61,73.42,39.58,55.5,77.47,30.14,23.32,29.62,59.72,74.53,60.72,92.68,49.6,71.52,56.76,76.4,52.56,51.24,19.13,60.19,14.08,79.89,82.23,60.72,38.41,18.73,81.85,29.76,40.35,27.67,55.49,43.7,35.48,20.64,20.25,,81.53,72.23,,60.19,28.73,56.84,85.03,91.69,57.7,80.16,63.38,92.23,19.3,81.94,39.41,100.0,34.58,50.49,2.1,70.25,8.97,41.27,39.81,29.76,81.13,29.72,86.6,76.34,86.66,50.67,75.59,89.81,69.75,63.81,90.13,70.56,59.65,72.25,73.89,81.69,3.78,58.31,28.15,30.0,40.28,73.73,57.46,55.77,70.7,71.13,16.22,46.18,68.5,,55.23,39.41,58.45,8.98,28.28,54.96,24.76,71.41,88.85,29.9,90.96,24.23,49.46,80.25,80.57,8.56,79.34,2.55,79.94,80.7,60.82,72.29,34.05,0.0,,50.8,82.8,16.49,91.27,19.84,80.97,84.39,60.85,100.0,52.88,77.88,82.44,62.06,50.13,26.68,52.59,56.69,18.4,41.02,76.13,50.7,,31.9,92.25,34.71,10.14,40.35,75.16,31.21,40.28,81.68,61.33,20.11,,61.27,81.83,46.06,41.29,82.04,40.14,60.7,60.28,48.66,0.21,35.66,77.89,60.05,100.0,51.24,56.17,65.61,29.58,29.76,35.12,69.3,61.55,59.79,,31.1,52.95,81.38,0.0,71.66,74.13,29.62,56.34,49.3,,29.3,40.35,49.73,29.26,42.99,90.54,0.0,4.12,29.86,64.61,50.0,36.19,,83.87,35.79,63.81,42.76,79.94,74.53,39.83,44.1,89.02,59.79,33.38,61.8,8.14,29.58,34.58,39.81,66.34,71.1,69.01,61.69,100.0,41.7,72.54,81.66,30.38,39.72,39.72,54.83,23.86,58.45,96.65,39.81,100.0,81.27,54.9,60.28,92.23,38.47,47.72,81.24,34.93,40.0,79.3,88.45,60.32,59.44,71.69,,81.85,34.99,50.27,76.11,64.23,41.96,37.8,21.19,70.68,39.95,81.41,38.07,98.26,13.04,76.75,36.6,,87.27,39.68,100.0,83.24,66.8,82.08,83.51,40.8,40.62,31.85,41.01,58.31,39.28,100.0,84.39,16.35,,76.55,28.69,95.22,19.55,50.85,49.06,18.77,60.32,43.03,29.72,,67.61,57.64,53.07,71.21,75.61,,81.64,,92.37,45.22,,77.07,94.24,80.75,79.62,,62.25,50.0,29.3,51.65,100.0,60.28,3.07,74.73,39.46,54.65,35.79,51.74,60.86,100.0,73.25,56.48,57.77,60.14,18.36,61.38,50.13,24.8,100.0,36.86,56.06,52.25,40.61,46.25,84.08,12.06,77.18,40.21,49.33,25.87,34.65,59.58,50.0,71.98,33.58,39.86,18.1,71.38,30.67,75.37,61.55,29.86,100.0,59.86,56.9,28.82,80.97,49.97,100.0,25.6,90.35,60.46,39.81,91.13,40.14,56.48,62.12,35.39,,75.47,48.12,58.98,91.94,81.51,78.56,49.67,19.3,67.78,71.7,1.89,50.67,75.34,53.5,34.96,50.54,74.66,43.03,19.58,61.27,80.56,100.0,41.69,41.96,53.52,61.69,40.42,21.72,39.04,40.14,51.61,46.78,,7.15,60.96,24.13,67.14,32.71,33.65,71.69,33.11,60.99,99.33,92.25,29.15,90.76,49.69,80.25,29.58,61.38,78.34,,29.72,56.2,81.41,30.7,30.84,99.97,,54.47,71.18,58.64,13.67,45.54,39.41,83.63,31.96,79.09,89.41,40.28,100.0,52.28,4.42,50.4,74.53,58.82,50.11,29.3,100.0,86.57,,,82.39,60.72,55.41,66.88,82.49,39.58,75.1,78.94,41.09,90.96,68.1,39.13,29.62,50.0,33.89,44.5,100.0,70.64,51.34,49.46,97.44,,15.42,32.57,61.24,50.0,40.62,,83.36,50.0,71.97,50.42,91.55,,64.65,83.44,55.52,44.91,1.94,25.1,58.56,74.75,,31.19,100.0,85.03,86.62,50.02,49.46,92.93,55.98,80.49,63.09,100.0,31.1,53.75,39.14,53.97,76.11,7.64,90.48,78.69,52.52,29.83,61.39,68.5,63.38,31.1,59.87,,19.44,61.26,50.39,20.24,72.49,,62.25,73.86,50.94,55.23,77.14,83.88,50.0,29.58,34.18,32.48,74.4,32.82,45.22,61.13,40.56,40.28,58.99,66.84,26.41,40.35,39.44,48.99,19.72,,30.87,40.7,83.76,,91.27,57.71,20.14
,30.97,29.99,,72.39,,89.79,70.7,50.28,50.4,75.21,40.7,22.09,,,92.63,,,35.88,39.44,69.3,74.51,44.51,72.54,76.42,71.55,,19.3,85.25,46.86,,66.89,49.82,24.18,70.68,71.97,88.06,,70.14,70.42,18.1,39.68,86.19,38.07,39.3,47.46,,60.96,76.42,60.42,82.08,87.8,62.82,71.18,34.58,28.02,88.07,57.32,,50.0,100.0,0.0,,68.36,84.32,,,40.56,,39.81,57.89,50.8,81.5,40.21,76.2,18.77,63.66,19.84,86.76,99.73,38.74,49.2,71.41,49.33,66.16,36.73,70.39,40.14,62.11,84.78,61.27,70.24,,49.73,71.01,76.87,71.94,52.14,59.58,,72.84,81.49,70.0,49.33,,,67.71,86.3,19.97,91.69,25.07,88.39,62.11,58.51,17.79,20.54,,,59.97,91.69,,,,71.72,60.14,75.86,49.46,71.27,55.35,,60.19,41.15,61.55,41.02,25.67,30.16,39.27,70.85,30.16,31.5,,,19.86,40.35,,60.7,57.91,10.14,30.29,60.66,50.14,88.2,75.52,,55.77,,,60.59,32.03,60.86,,86.6,60.14,,20.91,90.0,49.76,50.28,,81.49,19.22,75.59,39.14,90.21,33.43,,72.68,71.55,56.76,41.19,58.99,50.95,92.82,91.83,18.51,49.46,60.68,53.08,9.38,80.0,75.21,,44.84,57.99,30.03,50.0,,67.18,7.46,,8.42,53.94,50.85,25.75,71.97,65.97,28.28,32.22,64.89,,39.54,41.19,49.97,50.0,35.66,74.93,30.03,50.13,50.38,,,38.2,,35.92,19.97,,55.75,38.43,53.13,70.7,,50.0,,20.0,49.01,64.93,35.31,40.62,81.1,56.9,80.99,60.14,30.14,91.27,48.93,50.28,80.42,72.65,56.86,56.16,,39.14,10.0,,36.73,71.97,64.23,71.45,77.04,59.44,,49.73,60.14,67.04,50.38,28.69,53.8,,72.39,40.7,,65.28,13.27,,62.47,81.69,18.87,13.67,59.92,61.55,4.23,55.07,17.02,,48.26,49.87,7.24,,72.54,39.41,90.0,62.63,88.61,52.96,68.23,49.46,70.85,21.35,49.33,73.8,18.9,51.41,44.27,19.7,,86.06,5.75,60.33,47.46,51.55,,50.11,47.01,55.63,45.59,,49.73,38.79,49.73,92.23,76.68,,92.54,,72.39,23.13,,30.16,,89.22,50.54,,39.86,40.93,67.28,40.62,50.7,66.76,45.49,50.0,78.55,10.56,,68.66,18.21,71.27,50.94,91.83,,78.87,60.39,82.11,49.46,58.7,82.25,75.82,82.54,69.3,59.65,0.0,40.62,58.0,62.96,,,49.06,55.49,66.06,,29.83,50.54,49.82,,70.99,50.0,32.98,60.14,50.38,60.99,60.56,61.41,,80.0,73.52,70.0,0.27,,,60.68,71.13,55.88,51.55,86.73,72.12,,75.52,25.97,,61.41,30.97,59.86,76.68,45.03,86.19,91.69,50.27,51.38,53.02,84.7,49.46,64.93,36.12,33.11,35.73,81.27,,92.25,,26.9,50.99,66.62,59.15,8.04,60.19,50.38,7.15,83.65,,74.65,50.28,29.22,49.2,17.69,7.77,61.55,50.67,57.04,,51.97,50.95,72.24,60.85,28.95,50.24,64.08,72.52,,49.86,50.56,53.38,,76.27,49.72,,90.08,,49.6,37.31,40.57,69.97,38.61,39.41,,,50.1,61.13,,37.4,42.79,,50.0,81.55,35.03,91.97,42.7,,,61.97,,32.38,65.16,62.06,60.56,30.6,61.26,3.35,71.27,54.03,70.7,61.38,49.69,50.0,92.37,70.0,,,29.97,66.48,,41.19,71.64,61.27,40.42,80.0,,80.54,,91.83,50.14,50.7,,60.99,53.74,77.21,60.9,50.99,49.06,85.52,76.54,,50.13,80.0,70.64,83.75,39.41,69.55,71.13,91.82,70.07,58.01,70.0,,,,53.74,84.44,,,71.94,51.25,49.86,60.99,,88.59,18.5,36.72,,44.75,69.15,88.47,49.25,49.33,,71.41,82.69,,,41.42,30.16,53.24,50.95,,50.54,63.28,49.87,70.91,61.41,57.46,65.45,71.55,50.27,65.37,39.41,55.17,50.7,36.16,,81.9,60.25,50.99,,66.62,50.14,51.41
,15.95,18.15,,71.45,,36.62,55.49,71.69,80.07,50.0,0.09,28.03,,,43.57,,,23.66,60.42,31.77,50.39,22.25,45.54,56.69,62.11,,71.72,30.96,46.48,,16.35,38.73,27.07,91.55,23.63,63.06,,8.97,60.0,7.37,62.28,71.72,0.0,100.0,49.86,,92.39,75.45,81.1,81.83,59.52,60.56,72.25,61.93,60.46,62.87,32.64,,70.56,68.23,11.53,,65.82,100.0,,,60.56,,28.15,70.85,83.64,51.34,3.08,30.85,19.44,50.56,61.66,71.92,41.29,81.62,38.44,34.93,80.27,39.15,49.46,51.97,0.09,50.42,70.7,49.86,49.06,,52.55,43.63,28.98,78.98,46.38,60.14,,75.59,15.29,27.98,75.68,,,18.73,59.01,31.1,64.73,5.98,41.72,49.72,32.66,16.56,23.49,,,71.55,87.01,,,,44.37,49.72,49.36,46.35,69.86,49.72,,19.97,72.65,15.49,67.29,40.76,29.22,70.42,100.0,4.29,64.61,,,30.0,75.47,,70.66,32.17,30.0,26.14,39.15,8.12,73.73,77.39,,80.0,,,16.62,12.74,48.12,,81.9,19.67,,60.99,60.23,24.2,40.42,,18.15,16.24,39.58,54.54,98.66,17.92,,55.04,8.83,49.58,31.85,73.49,34.23,65.18,82.08,55.1,100.0,60.0,14.61,60.72,18.69,87.32,,24.52,49.86,61.26,50.8,,44.33,40.0,,52.23,70.0,83.8,49.41,100.0,100.0,41.29,29.55,49.44,,39.3,84.71,42.25,11.9,27.71,34.37,50.49,90.68,28.03,,,21.58,,63.27,61.66,,84.34,15.61,66.56,24.79,,95.47,,40.76,67.18,20.85,29.01,63.4,80.99,40.14,80.54,50.42,64.76,29.81,80.07,0.09,37.46,26.81,44.65,42.82,,61.8,27.15,,50.94,18.4,60.42,30.03,52.92,65.63,,71.98,35.35,50.0,55.77,27.75,60.42,,65.6,0.09,,54.69,53.08,,6.97,77.29,30.0,61.26,10.05,42.96,20.0,59.58,29.89,,100.0,15.42,81.37,,100.0,61.93,91.36,26.11,80.96,15.92,70.44,100.0,40.0,6.37,75.98,51.23,59.92,39.11,29.62,40.76,,48.66,32.08,31.21,8.17,33.91,,60.99,46.03,62.6,19.15,,40.94,12.42,100.0,51.74,91.42,,80.0,,76.34,0.64,,66.76,,50.96,35.39,,53.21,21.97,39.44,100.0,0.09,49.44,2.25,100.0,48.66,13.35,,60.83,51.59,29.25,51.88,55.65,,77.99,60.28,91.1,58.58,80.99,59.67,68.15,86.16,49.86,4.42,40.08,68.36,44.62,50.14,,,62.06,39.86,50.0,,23.63,62.6,39.72,,81.1,60.55,27.75,34.47,42.54,9.25,50.56,58.42,,99.68,20.28,81.92,40.08,,,70.7,19.39,29.3,23.49,75.31,61.53,,94.59,33.12,,72.96,73.06,85.04,60.28,23.8,83.05,47.72,93.16,29.3,28.03,8.6,90.81,32.25,75.48,61.66,29.3,81.52,,92.35,,50.0,54.59,44.76,50.56,41.82,100.0,50.7,30.39,71.85,,29.01,20.7,32.04,59.65,37.53,61.12,0.09,61.26,50.0,,49.72,55.21,52.23,28.28,25.6,30.85,38.17,62.06,,40.56,57.29,49.86,,40.88,20.42,,52.28,,100.0,40.13,11.46,50.0,17.02,70.48,,,28.03,90.94,,100.0,82.51,,32.62,81.1,50.14,82.21,34.39,,,29.11,,13.69,45.54,33.11,60.28,40.45,9.12,10.99,64.23,87.9,91.8,70.7,71.41,44.74,59.3,59.67,,,38.7,92.25,,32.8,48.41,81.24,30.0,89.17,,47.68,,8.26,50.09,30.09,,55.6,13.69,19.57,46.18,4.51,100.0,32.97,31.1,,61.45,50.94,41.69,27.71,80.81,21.1,14.51,37.0,19.43,35.67,60.23,,,,10.19,62.1,,,87.58,16.24,99.69,50.0,,88.84,61.12,23.89,,29.72,30.0,38.87,53.82,21.85,,57.29,74.2,,,32.44,14.34,60.42,34.65,,100.0,83.44,100.0,11.39,46.45,50.14,49.15,100.0,100.0,44.59,19.01,46.62,100.0,29.58,,60.72,34.23,40.28,,60.7,94.48,71.97
,0.0,,,71.13,,45.77,66.44,52.61,100.0,94.33,19.3,13.27,,,92.36,,,70.56,64.2,65.69,96.59,39.1,90.21,28.69,84.59,,,96.25,70.85,,13.38,48.31,50.54,100.0,39.27,91.82,,61.69,94.75,1.77,100.0,96.51,54.02,60.85,45.14,,99.97,38.2,50.42,60.25,96.38,86.31,76.06,,,98.53,50.68,,100.0,60.14,38.34,,45.54,99.46,,,59.97,,7.96,81.94,100.0,96.65,17.02,95.08,82.25,99.77,50.56,89.86,60.42,76.07,100.0,98.26,100.0,81.27,,100.0,39.01,78.14,40.48,80.82,90.75,,87.21,,13.81,71.45,90.13,69.27,,100.0,10.7,82.96,100.0,,,82.25,81.97,12.65,90.82,28.99,,70.96,27.21,35.77,20.67,,,100.0,92.65,,,,94.77,40.39,,86.89,91.32,45.18,,60.54,54.78,83.31,25.25,100.0,66.91,99.69,70.56,4.78,,,,92.64,22.81,,87.32,82.71,98.13,41.08,100.0,70.14,100.0,80.03,,95.17,,,2.81,5.07,73.86,,97.59,50.56,,82.11,85.49,,60.96,,79.58,70.7,82.68,68.85,100.0,91.29,,50.54,30.0,29.69,80.97,44.61,99.72,97.15,96.03,17.29,83.93,49.83,43.31,,70.14,61.73,,40.99,29.72,50.14,70.7,,87.72,94.75,,9.26,91.37,80.86,44.33,81.13,100.0,,30.09,71.13,,80.7,38.34,50.11,98.03,,86.23,56.39,100.0,70.85,,,61.13,,50.72,80.85,,46.3,20.7,38.34,56.15,,67.87,,19.03,69.1,80.43,39.72,91.41,29.97,21.66,76.48,20.96,81.8,87.75,100.0,22.39,77.05,78.82,18.87,99.86,,49.44,28.7,,,38.59,71.94,91.02,97.44,74.72,,,90.6,50.54,100.0,73.1,54.48,,71.24,25.49,,64.24,,,50.0,92.37,91.37,,23.46,97.41,94.75,52.93,,,100.0,55.33,,,100.0,,90.7,,91.55,69.51,,100.0,94.04,60.56,100.0,95.75,,71.55,,30.16,,93.7,41.23,,56.35,28.99,,71.24,55.31,,60.0,,53.77,42.25,100.0,54.96,98.12,,95.03,,100.0,,,43.78,,,3.18,,96.03,14.93,81.41,100.0,30.7,29.13,71.8,79.67,66.35,15.18,,72.12,17.69,77.46,3.62,97.01,,93.63,90.68,81.55,,29.69,89.86,49.6,97.72,39.27,56.17,,29.94,46.86,44.62,,,39.15,26.03,61.38,,45.88,44.77,21.13,,70.85,100.0,4.78,99.41,39.72,84.93,79.58,60.68,,100.0,97.0,70.0,70.85,,,81.24,86.9,40.56,17.15,75.2,60.7,,100.0,62.73,,95.52,5.41,80.3,75.2,20.99,95.84,100.0,100.0,100.0,,,100.0,85.46,100.0,,62.25,97.72,,94.23,,94.33,81.24,82.93,62.23,92.11,100.0,30.0,47.99,81.83,,71.21,59.05,,100.0,71.97,,71.83,50.0,53.77,,75.32,30.14,,70.28,84.83,71.13,90.16,27.71,,20.11,81.38,39.41,,73.86,18.45,,95.58,,100.0,29.49,,8.42,33.03,54.05,,,71.27,78.87,,100.0,70.81,,100.0,60.14,40.56,86.76,4.93,,,80.56,,70.99,19.58,53.5,59.69,50.56,8.14,23.32,92.61,100.0,50.28,100.0,81.38,100.0,49.41,92.39,,,20.67,84.99,,38.07,39.95,61.41,97.0,51.21,,,,18.87,80.99,70.7,,81.1,,50.67,29.22,92.33,100.0,99.6,65.82,,100.0,93.38,51.27,,100.0,50.0,83.96,98.12,60.28,33.8,71.83,,,,,,,,100.0,91.27,50.42,95.17,,98.14,71.69,81.41,,71.13,81.65,97.18,39.54,2.37,,80.25,28.82,,,55.24,80.11,71.8,60.56,,100.0,100.0,100.0,44.91,28.99,40.54,70.56,71.13,57.7,82.17,49.69,100.0,70.14,81.69,,97.59,34.51,30.19,,40.25,43.38,24.93
,,,,47.43,,28.59,62.39,80.56,52.03,60.56,52.39,30.03,,,84.72,,,38.7,71.41,5.63,29.39,39.86,60.05,40.08,59.01,,,52.28,60.11,,,23.21,29.89,76.06,49.81,87.0,,83.8,30.14,37.04,100.0,83.38,90.75,18.59,43.38,,71.55,70.91,29.58,70.14,62.6,81.97,42.68,,,98.53,29.81,,0.0,85.55,0.0,,,99.87,,,60.56,,2.82,75.92,0.0,99.73,,51.27,51.84,66.06,11.49,76.9,46.09,0.0,0.0,66.34,5.99,59.13,,80.99,76.34,91.55,29.76,54.93,92.9,,0.0,,,66.89,0.0,60.28,,81.9,20.0,72.96,0.0,,,19.69,29.55,16.62,59.95,9.25,,81.13,71.58,30.0,2.36,,,70.85,54.6,,,,93.16,76.06,,0.0,50.42,75.21,,50.28,8.87,50.99,77.32,49.46,37.75,61.55,72.68,,,,,49.58,5.21,,51.83,60.19,61.69,75.35,66.87,42.96,92.9,81.1,,39.72,,,7.32,20.0,28.95,,95.71,60.56,,16.21,78.17,,43.1,,48.73,70.0,49.97,0.0,93.97,8.71,,50.38,62.39,63.94,19.3,50.0,50.11,51.22,60.8,19.03,0.0,76.2,8.17,,57.18,60.42,,30.0,51.1,18.64,55.8,,29.95,61.13,,0.14,60.42,64.23,71.97,41.13,66.76,,30.96,60.68,,19.97,60.19,69.58,0.0,,50.14,0.0,39.15,33.92,,,50.67,,67.75,48.26,,50.42,30.42,44.37,50.28,,38.12,,8.18,70.85,50.28,10.11,19.66,76.76,18.56,65.77,70.56,19.67,42.25,0.0,73.38,57.46,8.04,39.55,70.68,,59.24,30.8,,,66.62,80.56,92.23,49.53,72.11,,,53.66,79.44,40.11,49.15,77.46,,49.81,41.41,,85.07,,,6.76,60.09,50.28,,52.41,69.3,40.28,56.48,,,100.0,100.0,,,50.0,,70.7,,52.95,54.93,,100.0,60.85,20.0,0.0,39.53,,51.27,,18.9,,99.2,30.42,,47.46,28.97,,50.56,30.14,,13.49,,0.0,34.79,100.0,99.6,30.16,,61.69,,56.34,,,45.49,,,37.18,,39.95,30.0,29.41,49.97,72.11,49.3,30.0,100.0,50.27,29.53,,71.18,29.09,73.8,50.7,59.25,,60.38,66.06,82.54,,81.55,51.41,76.94,49.81,80.99,0.0,,59.58,0.14,85.77,,,37.03,36.34,82.25,,8.87,50.94,49.83,,19.58,0.0,36.48,29.67,38.0,63.52,61.13,47.28,,66.89,61.69,73.8,24.13,,,77.18,73.8,50.82,28.69,73.99,64.1,,83.78,65.95,,50.42,4.79,70.41,18.5,40.11,91.96,0.4,0.0,50.28,,,0.0,57.18,71.72,,39.55,50.09,,76.34,,50.42,28.12,49.95,71.83,73.67,52.4,34.76,0.28,46.09,,49.72,49.72,,0.0,12.51,,51.41,75.59,71.41,,72.54,49.55,,31.41,22.39,49.97,50.42,1.13,,49.86,23.19,62.11,,93.16,51.55,,100.0,,0.0,50.54,,80.99,0.14,0.0,,,40.25,73.66,,0.0,29.3,,0.0,30.99,29.97,75.35,50.0,,,73.38,,50.0,50.0,5.92,72.54,30.0,,71.72,63.8,40.35,42.54,81.55,71.41,0.0,71.83,74.79,,,0.14,80.42,,66.09,71.18,28.87,39.86,50.94,,,,62.96,61.97,83.38,,29.67,,10.46,60.72,50.0,0.0,90.48,100.0,,0.0,65.63,1.55,,100.0,87.72,60.0,92.9,30.0,50.0,63.38,,,,,,,,77.21,60.0,27.04,40.14,,50.23,56.31,26.06,,50.11,29.86,40.75,70.11,14.93,,29.11,50.13,,,4.51,12.54,74.37,18.99,,0.0,80.7,0.0,51.07,28.69,72.68,40.11,50.56,8.68,50.0,50.85,29.69,33.24,8.28,,62.73,54.06,52.91,,73.24,65.61,16.87
,,,,60.99,,61.23,60.52,75.31,55.16,89.86,35.77,42.3,,,58.23,,,29.69,49.44,50.03,63.35,29.25,67.54,54.09,64.74,,,73.48,91.94,,,20.54,41.64,59.86,50.68,64.26,,59.44,29.01,76.51,70.11,61.59,84.45,39.44,34.6,,52.39,73.11,62.25,60.28,67.99,66.48,70.17,,,56.4,24.34,,40.93,91.41,91.46,,,82.62,,,45.35,,54.26,50.42,64.77,86.59,,71.5,81.41,70.94,50.42,40.85,61.27,41.28,62.99,70.94,35.23,60.82,,61.41,18.31,70.85,53.77,56.62,75.3,,37.72,,,65.25,61.3,42.25,,74.75,81.65,51.27,75.44,,,70.82,92.51,60.88,70.39,6.03,,61.41,75.08,93.76,9.44,,,70.42,52.51,,,,60.37,55.07,,64.06,75.73,55.77,,81.02,60.32,55.16,70.17,54.1,55.95,61.69,35.63,,,,,47.89,30.74,,60.14,53.11,94.79,80.74,93.35,53.66,66.77,50.4,,40.14,,,61.86,94.19,42.68,,76.22,40.14,,50.7,61.27,,46.48,,99.12,95.59,81.1,41.28,64.33,21.64,,57.01,39.3,43.1,34.32,84.76,60.39,60.68,80.82,40.45,60.5,72.11,66.09,,45.21,81.36,,95.03,70.96,52.11,81.69,,56.03,84.23,,34.06,69.58,75.73,86.73,59.44,73.94,,25.35,81.24,,10.68,75.27,30.42,63.7,,65.31,48.04,56.58,36.59,,,67.38,,71.86,71.55,,88.0,99.12,30.82,69.39,,65.12,,42.42,81.36,65.31,19.13,50.7,51.27,38.45,51.97,46.48,44.9,60.7,44.13,39.15,75.87,58.84,28.85,91.24,,39.15,21.94,,,43.66,64.08,50.0,46.17,80.52,,,60.66,58.31,72.23,62.29,66.34,,38.85,38.45,,35.53,,,70.74,38.14,53.38,,54.88,75.73,63.94,50.42,,,67.97,70.46,,,79.34,,70.0,,72.26,65.02,,70.11,58.45,94.89,79.72,43.63,,42.68,,42.95,,78.35,75.04,,65.02,55.46,,50.7,96.03,,29.83,,42.35,99.12,70.46,82.93,67.07,,81.41,,75.59,,,61.86,,,49.89,,73.35,75.03,60.96,68.92,35.92,50.0,40.09,64.06,68.29,37.58,,77.05,51.8,59.44,80.74,55.04,,45.61,62.25,48.73,,41.27,61.13,77.05,39.41,60.56,59.76,,60.46,64.2,60.42,,,60.14,44.93,53.38,,77.3,62.5,20.39,,51.97,51.96,70.03,17.3,90.82,37.61,70.39,44.76,,74.1,90.8,60.85,59.15,,,40.0,52.68,39.41,39.97,57.93,81.27,,73.77,43.28,,75.16,45.81,14.23,68.6,32.93,81.1,65.55,30.96,29.3,,,71.29,60.52,51.56,,19.55,36.17,,62.39,,16.76,62.51,29.83,55.63,91.41,61.33,80.68,23.35,80.99,,60.52,60.66,,75.44,50.28,,38.31,49.3,42.68,,53.94,28.14,,29.3,40.46,52.51,74.88,44.96,,36.48,43.21,49.3,,62.2,41.97,,64.33,,67.26,33.22,,41.13,28.49,32.62,,,27.3,71.41,,48.4,96.59,,43.06,26.48,28.56,69.86,74.75,,,32.11,,80.95,85.31,60.6,53.94,81.65,,59.45,81.36,40.67,22.39,40.56,72.39,72.24,43.66,44.93,,,53.49,85.59,,31.48,54.43,37.04,41.27,54.0,,,,36.76,40.56,60.42,,52.37,,56.71,76.4,45.31,46.98,62.5,68.6,,67.62,81.69,71.44,,44.13,39.3,60.52,55.49,94.04,96.58,70.56,,,,,,,,76.32,95.31,11.27,58.87,,76.31,71.55,77.57,,50.25,20.85,83.84,74.75,77.78,,55.46,75.08,,,70.74,39.89,53.24,39.97,,61.21,54.03,71.89,70.12,62.93,45.63,51.8,58.73,47.69,75.74,18.59,71.8,42.96,29.27,,50.61,25.02,50.28,,50.56,46.67,42.23
,,,,57.32,,29.58,52.68,55.63,81.27,87.0,26.31,50.68,,,50.85,,,37.46,70.82,71.83,29.44,52.82,,50.11,52.11,,,,86.9,,,34.08,,73.1,28.17,76.03,,56.03,60.66,19.15,,50.42,86.34,64.51,46.76,,41.69,3.49,61.97,79.44,49.3,50.25,30.14,,,66.06,17.75,,50.0,58.45,70.7,,,52.82,,,49.69,,100.0,85.61,,85.77,,45.21,59.3,46.34,55.21,46.03,51.97,51.13,,48.17,59.58,56.62,,64.08,33.21,14.34,,76.31,,,,,,29.83,9.44,49.97,,66.73,8.87,46.87,,,,68.59,78.45,100.0,66.76,29.01,,49.55,82.23,39.58,44.34,,,71.41,70.14,,,,67.75,86.73,,,44.08,70.96,,61.69,9.3,50.7,81.69,,50.0,71.41,60.7,,,,,35.73,19.72,,37.86,5.04,55.73,93.52,84.08,68.99,43.66,76.59,,65.31,,,100.0,49.15,46.34,,63.66,50.82,,59.58,78.7,,3.92,,51.27,60.99,63.8,,76.2,56.87,,18.87,33.92,18.28,,78.87,79.58,55.77,75.07,,,40.85,100.0,,58.85,40.99,,60.28,52.39,50.42,54.65,,46.62,70.8,,46.06,18.69,54.23,63.38,63.1,38.56,,52.35,93.1,,30.0,,51.41,,,50.28,,49.01,78.17,,,72.39,,82.25,53.94,,40.85,50.42,,57.32,,49.15,,,50.14,42.25,25.21,59.72,70.85,48.45,63.1,13.21,49.44,40.39,,28.14,52.54,81.55,52.39,89.58,,57.46,18.45,,,18.28,87.01,86.06,72.25,53.8,,,44.23,60.11,88.59,51.55,90.96,,59.15,24.06,,91.69,,,100.0,59.72,44.37,,,44.08,76.57,50.11,,,,91.97,,,,,75.75,,80.7,54.93,,,87.0,30.28,,66.06,,29.55,,,,74.08,69.01,,52.11,31.41,,25.35,59.86,,49.15,,,61.41,,,64.93,,81.22,,56.48,,,93.8,,,0.14,,49.58,1.27,62.11,70.42,33.21,24.34,36.76,,46.34,17.89,,,,73.63,100.0,76.06,,55.21,42.25,63.24,,34.23,77.01,35.46,40.99,76.17,86.2,,40.7,61.13,86.17,,,57.89,49.55,80.39,,60.28,,50.7,,55.21,50.14,71.83,30.14,82.11,46.45,60.24,29.15,,33.63,56.06,77.44,55.92,,,60.14,71.52,70.14,17.18,,52.11,,,,,46.2,50.7,82.79,,34.93,64.93,,81.55,13.52,,,60.7,58.73,54.62,,29.86,72.96,,74.76,,28.54,38.17,31.69,39.83,60.42,49.86,50.7,42.39,60.7,,59.3,49.58,,,60.42,,17.86,58.59,81.66,,87.01,52.68,,46.76,40.14,71.55,39.58,50.0,,50.11,45.92,81.1,,65.63,27.75,,80.99,,70.42,7.86,,34.37,9.3,,,,37.89,73.63,,,74.37,,,47.46,37.75,75.04,20.14,,,47.15,,8.87,19.58,19.15,91.38,29.15,,80.0,50.0,,49.58,64.51,62.82,,73.94,82.08,,,35.07,68.87,,,20.82,51.13,44.88,45.75,,,,24.9,30.39,42.08,,58.17,,49.86,,56.2,,64.51,50.99,,,84.76,19.72,,,66.17,57.61,63.1,40.28,61.69,84.06,,,,,,,,,60.99,45.77,91.36,,76.9,57.46,20.14,,62.39,60.94,49.15,,60.42,,60.14,34.9,,,30.56,50.28,81.1,51.83,,,,,66.48,38.45,8.56,64.37,60.42,70.7,8.99,23.66,46.06,49.86,59.58,,43.8,60.7,50.89,,91.94,59.86,51.94
,,,,62.39,,70.28,32.91,60.09,72.39,77.14,33.22,80.11,,,50.0,,,45.54,57.99,70.25,60.52,12.77,,83.35,75.59,,,,94.13,,,45.79,,40.0,44.6,80.96,,15.9,36.15,70.96,,55.21,56.76,38.87,5.45,,56.76,41.94,48.73,55.63,52.82,70.67,80.68,,,58.73,50.38,,35.24,66.9,55.63,,,59.72,,,51.65,,60.82,79.82,,53.66,,91.92,69.44,40.52,38.31,72.66,75.63,47.88,,83.9,35.49,75.82,,73.52,23.93,75.17,,30.24,,,,,,9.13,58.85,35.74,,92.65,11.13,43.93,,,,60.89,97.39,60.82,60.23,40.23,,80.95,72.51,78.59,37.75,,,52.82,54.74,,,,50.0,55.74,,,9.11,70.38,,82.23,48.85,54.6,91.1,,80.54,51.69,28.73,,,,,87.56,55.89,,56.74,29.41,95.45,68.42,70.64,42.8,48.73,80.39,,55.87,,,59.69,95.07,45.77,,55.35,65.9,,89.3,88.86,,33.34,,88.73,36.62,80.6,,49.86,77.15,,54.88,26.88,33.91,,55.32,84.97,60.8,60.8,,,46.34,49.97,,42.24,41.64,,86.48,66.0,76.34,51.55,,65.02,23.19,,39.69,62.49,81.22,60.82,72.54,0.11,,60.11,84.08,,28.67,,51.27,,,13.19,,72.39,81.14,,,50.0,,91.24,31.41,,55.18,30.42,,80.23,,64.82,,,68.4,61.08,19.44,49.72,61.69,85.75,83.66,60.38,51.64,18.72,,8.86,65.73,62.96,74.35,58.57,,66.48,28.97,,,4.91,81.23,47.75,60.38,50.94,,,29.25,75.03,58.79,91.52,65.74,,49.67,32.94,,49.83,,,49.27,50.09,77.0,,,86.57,68.97,70.67,,,,81.24,,,,,53.79,,55.07,92.21,,,71.5,50.0,,60.23,,59.0,,,,55.49,50.39,,49.67,29.53,,50.99,55.04,,38.14,,,33.24,,,51.69,,72.35,,50.94,,,82.23,,,71.24,,39.25,15.49,86.94,54.52,39.0,23.91,14.46,,55.63,44.6,,,,75.76,99.69,65.16,,54.6,51.27,91.55,,56.06,79.42,44.2,44.04,80.81,50.0,,79.55,35.32,75.74,,,67.46,24.47,71.23,,35.18,,34.67,,55.63,54.01,81.8,53.19,87.9,35.05,30.39,30.52,,65.75,75.45,60.27,73.1,,,62.39,67.59,61.4,46.43,,76.76,,,,,62.77,71.8,61.22,,51.84,55.77,,50.14,50.56,,,34.09,40.66,19.55,,30.65,54.04,,93.36,,40.38,49.39,44.46,29.4,60.28,65.12,63.05,29.55,71.41,,7.14,24.88,,,63.94,,15.19,69.44,34.47,,65.74,61.48,,60.85,50.68,55.78,68.97,62.93,,28.13,44.32,39.12,,53.52,69.41,,58.45,,38.94,54.62,,61.41,37.86,,,,41.21,78.15,,,65.32,,,40.0,12.39,53.79,38.17,,,21.81,,11.13,69.15,88.7,71.09,48.03,,54.08,71.78,,45.77,51.55,45.07,,55.49,85.76,,,41.66,75.87,,,72.65,47.61,86.29,69.69,,,,66.18,60.83,12.1,,49.81,,48.73,,13.9,,57.18,48.45,,,31.39,73.77,,,28.8,50.66,49.58,40.28,47.46,75.76,,,,,,,,,84.23,18.73,46.01,,49.81,70.56,86.48,,37.31,39.39,46.34,,67.58,,49.67,61.8,,,81.38,88.42,44.33,61.19,,,,,59.86,50.38,33.48,70.14,67.89,80.82,60.39,40.14,51.72,37.89,29.26,,58.59,45.77,33.47,,53.06,68.56,22.11
,,,,55.35,,23.38,61.27,81.69,29.72,59.3,10.14,56.44,,,60.54,,,28.4,50.96,41.83,45.32,57.32,,59.26,72.54,,,,73.19,,,29.53,,64.79,34.62,57.71,,20.99,48.45,72.25,,54.48,71.8,50.28,61.55,,46.2,41.71,36.2,71.27,56.87,73.21,51.55,,,44.2,65.46,,39.58,62.39,60.39,,,92.37,,,39.55,,72.82,72.65,,94.06,,87.75,46.9,65.07,9.3,44.79,40.14,60.28,,78.87,39.86,29.53,,55.49,37.75,63.21,,12.93,,,,,,55.03,80.14,38.0,,61.23,14.04,6.76,,,,25.16,80.66,40.7,71.1,9.55,,50.96,67.71,29.39,55.32,,,75.49,97.01,,,,2.51,44.9,,,78.03,79.97,,70.7,72.68,58.31,71.27,,31.97,33.1,20.85,,,,,65.07,61.13,,43.94,34.75,80.28,40.85,60.23,21.55,0.68,71.23,,49.72,,,40.14,74.04,2.79,,73.77,19.15,,65.63,41.83,,4.76,,70.8,85.73,54.04,,92.08,66.3,,18.99,17.61,29.27,,32.8,30.23,97.15,61.24,,,49.58,41.55,,12.96,76.76,,64.74,69.25,30.28,40.28,,76.17,71.41,,21.6,51.55,71.27,71.2,60.0,5.31,,30.52,71.22,,49.81,,8.87,,,72.82,,14.55,61.36,,,13.07,,71.41,80.99,,27.2,29.11,,75.92,,40.0,,,77.61,65.92,23.9,70.42,68.45,29.54,60.0,30.39,34.9,32.11,,24.23,81.97,87.72,22.35,39.39,,34.79,19.41,,,30.99,64.76,78.56,97.86,44.65,,,64.93,64.48,70.38,62.39,26.17,,75.75,29.86,,15.49,,,63.1,58.56,70.7,,,73.94,48.59,50.82,,,,51.55,,,,,82.11,,81.66,66.06,,,70.7,55.92,,91.52,,23.38,,,,80.54,31.73,,53.1,8.99,,25.21,39.73,,19.39,,,75.73,,,80.82,,39.58,,84.23,,,51.41,,,40.42,,75.89,19.06,29.25,40.28,17.61,12.93,49.72,,28.56,1.1,,,,46.76,82.96,97.58,,61.94,69.3,58.17,,36.06,68.73,39.96,45.32,71.24,28.99,,61.13,30.67,76.45,,,12.39,18.85,60.82,,19.73,,19.67,,41.69,40.0,64.23,29.27,60.09,26.34,15.74,50.68,,66.3,76.48,37.75,67.46,,,76.76,56.06,39.95,44.62,,49.44,,,,,74.79,60.56,55.22,,22.77,8.99,,57.89,13.8,,,50.42,70.56,15.31,,23.19,77.15,,64.65,,60.7,30.82,39.83,34.06,70.28,50.99,23.47,9.6,69.86,,61.27,60.14,,,63.66,,32.96,58.73,36.17,,33.07,48.4,,60.56,39.3,50.23,46.48,19.86,,9.83,28.85,30.25,,0.11,63.74,,27.58,,39.58,54.47,,93.24,39.72,,,,38.26,55.92,,,52.8,,,40.7,39.81,82.82,23.47,,,38.31,,23.62,13.47,80.42,65.89,18.26,,9.13,71.69,,52.68,44.65,36.34,,74.79,56.76,,,9.07,67.18,,,26.16,47.89,26.62,70.67,,,,22.96,29.58,34.65,,60.54,,1.66,,55.35,,35.32,0.11,,,32.68,70.99,,,55.21,66.48,87.15,35.45,70.38,54.23,,,,,,,,,86.57,36.2,70.56,,80.54,81.69,75.87,,14.46,50.56,0.11,,72.82,,49.97,20.1,,,71.41,82.11,76.17,29.81,,,,,59.69,59.83,13.21,44.18,24.08,60.28,59.4,19.01,39.81,33.8,17.98,,97.15,68.17,29.15,,34.76,68.42,21.49
,,,,60.25,,39.67,9.55,82.23,59.44,83.15,17.32,70.0,,,44.51,,,24.46,17.38,28.03,49.39,30.96,,49.72,61.8,,,,70.8,,,20.52,,65.77,22.07,45.92,,18.87,65.96,94.37,,47.61,63.38,35.61,32.93,,48.03,60.7,59.13,92.54,14.08,65.25,59.3,,,21.69,38.97,,58.31,100.0,62.96,,,79.86,,,2.3,,26.06,90.98,,41.27,,39.13,90.96,20.25,49.55,17.61,90.96,57.75,,29.69,51.27,70.94,,50.56,39.15,73.11,,5.57,,,,,,39.3,69.72,28.52,,46.48,41.78,60.28,,,,49.95,70.94,68.59,53.62,9.25,,48.85,70.0,54.88,17.6,,,75.07,77.98,,,,36.48,25.9,,,4.62,87.87,,69.44,14.08,6.73,56.48,,30.99,66.62,76.17,,,,,71.17,19.58,,30.28,38.73,50.14,46.34,75.02,40.28,30.0,69.86,,63.99,,,34.23,88.69,40.85,,79.3,30.56,,99.69,70.56,,1.48,,91.22,94.46,65.73,,93.94,70.42,,40.09,36.62,25.25,,60.28,75.73,33.33,50.66,,,57.89,52.25,,39.86,51.52,,86.71,35.16,71.24,82.51,,40.52,80.75,,29.3,65.96,60.54,67.46,87.44,16.76,,82.25,70.66,,60.8,,67.18,,,0.25,,39.01,75.73,,,29.72,,92.11,100.0,,39.3,20.38,,10.39,,58.31,,,51.1,1.1,40.38,96.31,67.18,8.14,54.9,59.02,47.42,27.61,,21.69,83.35,91.69,36.01,90.8,,49.97,0.8,,,14.65,55.08,66.76,17.84,70.54,,,11.24,100.0,66.15,61.13,36.07,,59.81,14.51,,7.32,,,35.63,63.05,73.29,,,10.68,64.69,21.8,,,,49.58,,,,,70.56,,66.62,74.2,,,71.17,65.31,,56.15,,39.86,,,,85.07,65.49,,22.51,39.95,,18.31,57.32,,35.16,,,81.92,,,77.18,,80.75,,5.61,,,30.85,,,30.85,,50.23,90.94,75.02,58.17,29.72,20.66,0.11,,32.54,42.63,,,,25.21,84.79,81.92,,61.64,72.54,89.27,,45.49,40.85,39.44,54.18,80.0,26.06,,78.59,45.49,98.2,,,100.0,60.66,95.57,,49.86,,15.45,,68.56,58.59,42.25,52.35,86.71,19.86,77.72,8.83,,70.85,82.23,65.07,71.52,,,83.66,69.44,30.09,34.18,,100.0,,,,,0.11,14.65,69.95,,15.16,53.94,,69.72,5.21,,,55.63,46.87,40.0,,13.9,48.83,,49.44,,54.84,40.66,33.62,26.56,100.0,58.03,61.5,36.2,91.38,,8.99,17.15,,,79.41,,28.03,51.24,48.69,,59.67,36.85,,68.85,36.34,40.38,2.23,49.58,,5.57,46.15,27.21,,30.42,0.28,,77.61,,57.75,71.13,,80.28,34.51,,,,20.23,68.59,,,87.18,,,35.61,10.23,55.92,62.91,,,13.66,,42.91,80.23,65.92,96.72,17.98,,48.87,72.93,,77.58,50.56,56.76,,59.01,71.13,,,29.58,66.73,,,19.01,52.23,66.62,72.39,,,,8.87,9.01,18.87,,39.25,,71.41,,24.62,,64.79,26.62,,,54.51,38.17,,,53.07,27.72,67.89,72.35,92.21,76.34,,,,,,,,,66.71,24.9,59.34,,75.16,95.04,42.77,,15.02,39.2,39.3,,80.14,,44.04,50.42,,,35.07,50.7,64.26,71.08,,,,,41.13,41.92,25.9,50.66,71.66,54.79,60.99,26.62,65.02,63.92,39.39,,80.0,39.97,53.49,,71.15,85.63,30.61
,,,,63.07,,54.93,49.58,80.85,66.9,80.8,32.54,45.18,,,36.45,,,50.68,78.64,35.18,69.98,54.65,,95.04,74.51,,,,67.72,,,36.87,,31.1,7.52,91.38,,30.28,47.84,88.7,,77.01,72.08,3.69,29.15,,56.73,64.48,82.69,58.28,31.8,63.24,75.61,,,53.21,12.03,,63.94,81.66,41.1,,,93.77,,,59.49,,44.76,81.37,,86.03,,60.85,59.97,56.34,60.68,53.52,77.58,61.83,,70.85,51.27,59.69,,82.65,22.82,62.33,,52.91,,,,,,74.06,89.13,38.82,,85.89,51.69,24.79,,,,34.2,64.9,66.17,60.23,0.48,,82.89,92.37,52.82,30.14,,,26.45,73.23,,,,41.52,61.92,,,70.99,89.58,,81.94,52.37,54.23,67.72,,50.25,79.13,3.6,,,,,78.26,28.85,,79.58,64.2,76.01,61.94,60.96,72.54,8.99,97.15,,80.38,,,57.86,63.24,33.21,,86.03,29.72,,75.18,60.0,,23.21,,81.27,74.51,60.54,,93.92,88.14,,92.0,35.77,28.79,,61.38,35.04,24.31,40.01,,,67.86,48.14,,49.86,70.56,,65.35,55.89,52.93,69.69,,11.31,60.23,,32.65,55.87,60.56,48.0,68.82,11.94,,49.24,50.54,,50.25,,64.48,,,54.93,,57.61,45.18,,,61.66,,76.87,57.15,,53.49,40.28,,54.37,,6.76,,,75.35,40.99,29.83,75.46,18.28,74.75,31.99,53.91,42.18,62.54,,26.48,80.99,95.04,61.52,42.79,,61.38,47.95,,,38.87,76.51,77.44,30.63,91.55,,,63.94,65.87,66.31,62.79,67.39,,17.27,26.06,,32.08,,,58.28,58.06,41.64,,,65.21,62.63,38.51,,,,52.93,,,,,73.24,,80.25,60.28,,,84.04,29.72,,75.39,,36.62,,,,88.99,59.69,,64.93,4.99,,72.37,51.8,,34.9,,,60.99,,,95.04,,89.95,,80.99,,,59.83,,,45.61,,9.69,54.65,56.03,89.44,40.99,43.99,44.08,,21.66,8.97,,,,67.04,88.14,95.25,,39.47,61.24,47.42,,52.51,84.51,65.89,37.85,92.62,19.41,,71.8,43.07,88.97,,,63.35,47.33,76.51,,23.07,,44.76,,34.13,50.28,56.73,99.22,55.46,39.15,65.07,11.49,,70.54,75.63,83.94,70.96,,,76.87,79.44,46.73,29.36,,81.38,,,,,54.37,74.34,76.01,,46.45,87.58,,83.8,29.69,,,58.17,65.92,23.63,,28.99,70.16,,69.01,,52.77,72.86,33.51,38.21,78.85,70.42,70.39,14.34,75.18,,41.55,70.42,,,82.08,,32.39,52.65,39.43,,55.34,40.25,,3.43,30.96,53.49,65.21,61.1,,36.99,60.77,47.63,,46.17,62.83,,72.37,,87.04,60.54,,72.51,38.56,,,,49.83,73.8,,,70.96,,,15.1,41.52,78.45,50.14,,,48.31,,71.83,22.54,81.8,78.33,35.07,,65.89,75.92,,0.0,41.38,53.21,,50.82,71.27,,,23.49,93.94,,,86.45,14.08,60.23,93.77,,,,29.72,50.0,75.63,,17.27,,32.93,,29.3,,80.68,34.06,,,53.24,56.59,,,61.38,54.08,52.51,37.46,70.7,74.51,,,,,,,,,69.15,0.0,74.18,,81.17,56.73,51.41,,39.41,38.97,16.87,,77.72,,13.66,75.75,,,65.75,70.39,49.35,57.3,,,,,48.0,19.8,39.12,56.87,33.69,90.28,53.92,66.17,39.27,20.83,55.89,,75.61,60.4,17.89,,62.22,70.28,26.9
,,,,57.44,,64.93,65.87,70.13,50.28,29.44,36.01,83.94,,,55.56,,,68.85,27.16,30.09,66.7,53.07,,87.32,46.67,,,,65.04,,,4.48,,28.6,49.99,56.34,,39.39,36.06,82.07,,68.79,53.4,4.93,42.93,,64.3,49.86,22.39,58.7,48.17,59.7,50.23,,,24.35,57.8,,44.08,78.14,35.69,,,82.06,,,17.91,,30.23,57.31,,66.9,,48.53,50.25,71.47,75.32,50.8,64.9,16.06,,33.87,36.06,40.54,,84.9,44.46,10.75,,2.69,,,,,,75.49,75.73,52.24,,58.17,50.56,45.87,,,,50.11,62.65,40.23,91.98,43.06,,66.57,72.25,70.42,58.42,,,52.01,88.71,,,,12.01,16.42,,,36.0,67.16,,75.02,41.22,43.2,70.94,,25.02,24.49,34.93,,,,,31.83,30.09,,26.15,39.44,18.03,74.32,70.96,55.87,9.35,68.87,,34.93,,,26.43,86.34,11.61,,80.49,65.02,,64.34,76.01,,4.78,,70.42,77.18,83.21,,61.49,38.45,,57.91,35.87,9.85,,49.03,16.87,85.87,92.23,,,88.51,20.09,,76.43,80.53,,74.65,81.8,48.42,48.99,,65.96,26.06,,24.38,31.83,61.07,71.15,54.08,31.83,,24.51,23.21,,33.92,,0.0,,,40.53,,76.2,54.06,,,40.74,,75.16,63.77,,51.71,69.72,,36.8,,56.34,,,45.87,36.8,10.25,76.59,97.64,47.33,38.03,9.25,52.69,55.59,,35.31,70.13,40.49,34.62,28.7,,62.65,48.01,,,30.38,64.78,43.24,86.53,75.2,,,37.33,64.78,37.72,50.09,40.9,,64.69,39.53,,9.67,,,45.02,72.22,22.54,,,56.0,49.15,60.6,,,,15.02,,,,,51.5,,50.25,47.2,,,51.55,50.85,,65.7,,50.09,,,,93.04,39.55,,54.93,50.92,,74.23,60.1,,3.35,,,83.24,,,29.59,,30.0,,75.47,,,65.02,,,30.09,,52.18,45.35,89.55,65.21,30.23,2.09,41.33,,10.36,38.64,,,,51.08,60.66,82.99,,85.62,87.87,14.93,,74.32,35.87,32.82,79.28,84.18,39.37,,71.5,50.3,59.1,,,73.21,0.9,62.99,,35.28,,15.32,,10.56,30.85,10.38,67.52,78.28,55.16,70.11,68.59,,71.97,81.07,66.43,58.85,,,18.67,66.85,46.17,53.93,,64.76,,,,,44.8,50.09,60.96,,29.41,76.56,,100.0,65.46,,,60.7,54.13,42.25,,48.99,59.31,,65.87,,51.13,62.68,60.84,36.42,55.18,33.94,44.2,48.5,56.87,,52.0,64.53,,,68.42,,43.33,87.15,36.72,,35.52,60.68,,17.89,9.67,59.13,39.73,14.88,,14.93,50.18,38.51,,7.23,46.52,,48.01,,39.15,43.66,,34.35,45.02,,,,29.83,49.67,,,70.29,,,26.2,22.79,64.46,46.34,,,62.21,,50.42,45.21,55.02,66.87,49.86,,6.12,38.67,,26.34,12.02,49.9,,75.1,87.0,,,28.48,70.13,,,36.62,24.93,51.41,60.85,,,,46.85,31.5,67.84,,57.03,,24.92,,38.4,,73.05,18.54,,,69.81,77.7,,,91.27,38.67,62.35,51.13,73.1,82.21,,,,,,,,,95.49,16.9,30.85,,91.0,76.03,59.3,,40.11,36.9,23.77,,22.77,,54.2,79.72,,,9.95,75.02,43.58,74.06,,,,,44.48,46.63,8.96,60.39,37.32,60.85,65.63,0.0,72.51,26.2,65.32,,58.49,71.41,49.41,,30.45,45.49,20.56
,,,,22.96,,64.88,42.21,64.46,39.55,80.68,30.11,35.61,,,40.55,,,60.87,69.55,30.85,76.48,42.63,,53.77,41.64,,,,79.21,,,15.6,,30.99,53.52,65.89,,76.45,54.9,70.0,,49.42,64.77,50.98,42.91,,57.89,55.46,39.73,44.08,29.7,76.45,71.41,,,49.14,40.28,,27.86,66.62,41.25,,,69.14,,,49.55,,51.41,83.63,,64.77,,39.67,39.3,40.8,43.66,53.77,50.85,100.0,,37.0,38.28,71.52,,61.69,49.97,87.3,,38.28,,,,,,55.46,86.2,39.13,,66.31,5.31,95.89,,,,54.36,74.77,78.45,91.83,5.21,,78.42,70.25,61.36,44.96,,,5.63,76.34,,,,35.76,68.14,,,35.02,96.73,,53.8,56.34,35.87,100.0,,80.28,33.8,54.02,,,,,68.99,74.37,,74.06,34.62,64.48,100.0,70.04,83.07,14.07,71.24,,53.77,,,76.76,73.76,26.89,,49.56,48.7,,59.72,55.89,,15.75,,81.92,90.09,89.86,,62.66,59.97,,75.63,28.99,30.96,,61.97,64.42,59.58,39.86,,,37.46,45.35,,66.03,56.01,,76.29,59.09,35.07,40.7,,55.92,68.99,,1.69,61.66,36.85,70.14,72.56,39.97,,39.25,73.59,,42.23,,18.17,,,43.19,,59.44,62.64,,,35.2,,100.0,58.87,,63.66,80.38,,40.38,,69.83,,,78.4,37.0,13.23,14.23,33.1,2.69,39.43,61.52,0.14,54.76,,34.48,36.43,46.18,21.84,86.31,,29.01,3.38,,,68.28,89.69,37.45,75.35,60.8,,,64.04,89.83,77.43,52.11,72.37,,24.65,19.83,,12.25,,,71.41,56.06,78.42,,,42.91,55.18,76.17,,,,56.2,,,,,95.89,,71.82,36.01,,,66.87,43.62,,65.49,,38.85,,,,43.79,6.48,,37.0,0.14,,20.14,70.56,,35.72,,,79.67,,,74.63,,86.31,,34.74,,,50.0,,,39.72,,85.21,29.53,50.75,90.39,37.72,30.82,35.31,,39.99,4.37,,,,64.34,67.04,71.97,,66.2,58.59,45.2,,33.52,62.23,50.11,55.77,87.86,64.49,,96.62,8.31,87.58,,,69.01,26.73,85.61,,24.79,,26.25,,66.17,40.54,68.87,12.82,89.27,50.96,75.71,8.87,,40.39,65.59,65.18,55.21,,,20.85,60.54,28.03,56.62,,44.37,,,,,35.73,59.15,76.31,,15.3,48.16,,50.25,5.63,,,50.11,42.77,40.39,,8.8,21.13,,75.75,,65.61,29.72,15.49,63.49,56.2,50.54,71.22,0.56,58.17,,37.84,42.21,,,60.7,,46.87,46.2,58.7,,74.06,34.53,,40.34,77.75,73.0,33.19,32.11,,24.48,45.49,56.45,,49.28,50.68,,46.18,,19.13,50.39,,12.68,34.51,,,,33.94,69.27,,,91.55,,,39.12,46.07,82.65,32.35,,,42.23,,39.39,29.53,100.0,58.14,30.52,,35.2,37.0,,51.28,68.73,37.46,,26.76,74.34,,,29.86,73.05,,,54.62,48.24,62.79,65.61,,,,33.49,46.17,61.66,,61.97,,60.97,,35.59,,56.18,23.09,,,76.87,52.11,,,70.42,37.0,34.92,13.47,72.35,76.73,,,,,,,,,91.22,36.08,78.56,,13.24,14.65,31.22,,10.87,43.07,34.35,,69.72,,9.58,55.46,,,55.77,69.3,73.77,69.45,,,,,60.69,49.15,38.0,70.04,57.97,81.1,60.68,43.8,86.01,72.56,33.06,,61.96,100.0,17.58,,55.89,92.01,11.41
,,,,57.91,,45.35,26.62,60.7,50.11,50.7,23.07,82.67,,,28.73,,,49.27,81.06,51.69,71.78,6.76,,68.27,40.14,,,,50.25,,,61.24,,27.89,59.95,34.67,,83.63,11.27,70.14,,26.62,29.58,50.7,23.94,,36.39,41.6,60.45,69.15,48.87,100.0,76.06,,,57.04,39.11,,63.35,72.54,8.03,,,50.0,,,61.67,,65.92,100.0,,4.65,,37.32,55.22,28.03,33.43,24.06,22.09,53.92,,31.27,68.7,100.0,,66.12,15.46,100.0,,64.15,,,,,,56.27,77.61,65.72,,37.07,0.14,58.85,,,,41.1,90.54,61.83,59.95,55.45,,100.0,65.33,50.28,30.14,,,71.64,71.22,,,,16.34,66.05,,,34.93,100.0,,66.2,24.08,30.7,75.07,,23.94,45.51,66.3,,,,,60.42,44.79,,49.69,25.6,66.76,76.62,60.82,74.76,10.28,57.6,,50.42,,,56.9,39.3,17.04,,28.17,81.1,,82.99,69.83,,11.7,,51.27,50.28,90.39,,39.86,35.47,,76.01,34.76,31.93,,49.58,70.68,50.66,80.52,,,48.54,51.55,,80.82,24.37,,61.55,90.68,25.07,62.39,,60.23,50.28,,6.48,61.97,29.15,86.34,67.41,37.6,,91.52,85.89,,68.99,,46.13,,,10.28,,91.94,60.68,,,0.0,,81.69,47.46,,57.18,26.9,,52.11,,45.04,,,29.72,9.86,0.11,75.82,59.49,31.8,69.08,59.02,50.66,38.0,,31.94,37.18,3.38,4.9,69.83,,55.52,50.38,,,19.41,71.48,19.72,68.12,78.45,,,19.44,100.0,8.56,65.35,56.31,,38.83,16.59,,15.35,,,57.61,60.23,63.38,,,30.7,70.0,74.21,,,,23.1,,,,,61.1,,22.96,64.79,,,60.85,40.0,,69.81,,22.23,,,,50.14,55.21,,51.83,39.81,,40.64,38.17,,0.11,,,45.21,,,0.14,,73.1,,57.61,,,68.59,,,35.63,,50.09,28.59,69.97,44.48,57.15,53.54,8.73,,0.0,44.74,,,,43.35,61.27,28.69,,65.59,55.54,71.03,,31.22,57.44,24.0,39.39,85.83,20.7,,59.15,50.0,100.0,,,61.19,55.0,80.13,,46.76,,5.75,,63.51,72.08,57.04,50.38,90.68,17.58,36.06,29.67,,64.0,71.27,80.96,65.37,,,55.84,63.49,30.96,34.6,,64.78,,,,,7.89,60.56,80.54,,30.25,57.46,,66.73,37.62,,,51.1,67.75,21.6,,0.25,70.52,,64.62,,38.17,45.73,58.83,41.98,72.24,46.45,3.35,18.03,83.28,,10.7,40.85,,,83.58,,51.52,50.15,46.5,,56.36,49.83,,61.28,36.06,30.11,35.21,40.14,,20.49,48.97,79.71,,29.86,40.0,,2.11,,40.54,35.47,,47.33,26.34,,,,1.38,83.63,,,70.85,,,36.77,9.41,81.8,9.86,,,24.9,,29.15,1.13,80.56,100.0,18.31,,19.44,27.89,,37.88,55.23,49.2,,40.51,72.51,,,44.08,43.38,,,26.4,62.4,39.58,33.33,,,,24.76,57.72,43.07,,70.38,,6.06,,17.04,,9.3,26.06,,,85.75,61.41,,,19.58,21.27,61.41,51.13,70.7,83.35,,,,,,,,,74.08,31.75,50.0,,80.8,38.81,30.0,,0.11,18.31,0.0,,81.97,,29.11,45.87,,,26.34,67.18,100.0,7.72,,,,,32.68,70.94,33.89,38.7,56.82,72.79,72.8,50.67,98.42,46.8,0.39,,38.45,46.17,29.13,,66.59,61.94,20.3
,,,,42.47,,63.77,75.35,61.97,66.45,72.78,42.39,64.08,,,70.11,,,47.44,61.69,42.54,91.8,50.56,,85.92,86.9,,,,60.68,,,50.82,,20.61,29.55,60.56,,59.44,52.66,73.52,,66.59,66.31,23.35,71.41,,67.97,28.59,99.97,86.07,71.24,71.83,74.23,,,53.35,81.1,,68.0,49.32,10.39,,,94.9,,,30.42,,52.11,85.35,,70.54,,22.11,48.64,35.63,53.67,71.97,40.26,69.27,,50.28,57.44,39.27,,45.4,44.08,43.66,,30.0,,,,,,80.14,88.31,52.96,,50.14,36.31,54.51,,,,55.18,90.39,78.31,84.06,72.65,,57.46,85.07,37.72,19.58,,,68.8,90.82,,,,39.55,42.11,,,50.99,54.93,,64.51,56.34,61.41,73.8,,55.92,61.28,29.83,,,,,81.66,60.28,,69.72,40.0,71.01,65.35,45.75,71.97,60.11,83.38,,50.59,,,75.77,56.03,80.96,,94.76,43.94,,72.83,60.28,,34.65,,73.49,52.65,55.04,,95.46,70.28,,27.72,44.79,23.8,,23.38,50.39,65.89,74.9,,,67.13,58.59,,58.17,30.42,,70.68,40.96,50.68,49.73,,65.32,72.49,,9.58,63.02,9.86,75.49,98.28,50.14,,8.2,76.31,,50.39,,44.01,,,19.86,,67.72,50.96,,,23.92,,78.45,59.74,,26.06,70.25,,22.54,,71.1,,,41.13,18.17,40.25,80.49,54.04,26.36,98.14,36.76,6.17,64.37,,46.06,61.55,89.27,50.82,47.72,,40.45,29.27,,,40.85,60.7,78.56,95.04,61.13,,,68.17,70.99,49.69,69.15,42.82,,25.61,32.54,,18.03,,,73.52,5.75,50.59,,,50.7,51.48,41.41,,,,63.94,,,,,75.63,,60.39,78.59,,,74.56,49.55,,70.11,,44.08,,,,96.03,29.72,,20.42,73.49,,55.99,14.79,,49.55,,,70.25,,,29.83,,83.14,,84.65,,,71.13,,,59.01,,75.18,34.2,82.23,75.75,43.52,30.42,10.99,,49.83,29.55,,,,60.28,82.68,22.23,,8.14,57.66,90.25,,59.33,81.55,33.8,50.25,66.2,61.66,,77.61,4.79,75.49,,,69.99,36.34,69.72,,13.94,,32.08,,100.0,76.87,67.89,0.11,80.82,38.59,25.18,64.06,,39.58,86.34,65.63,60.84,,,61.0,64.65,50.54,73.21,,75.09,,,,,38.59,38.59,,,19.83,91.24,,58.73,41.78,,,62.93,51.13,23.24,,45.46,57.86,,80.28,,50.59,45.75,72.37,31.27,60.43,76.73,60.96,12.54,68.37,,64.08,39.86,,,82.9,,43.38,70.44,47.32,,36.34,40.82,,61.1,65.92,60.82,20.42,75.92,,31.41,18.42,40.7,,30.68,29.55,,81.94,,45.32,8.87,,56.55,64.08,,,,49.83,75.77,,,22.39,,,30.11,31.66,84.08,35.32,,,57.61,,48.14,36.17,93.1,72.96,46.45,,16.45,19.3,,49.55,67.97,67.13,,93.87,81.27,,,18.17,71.83,,,28.87,31.38,58.28,46.06,,,,33.1,53.38,75.21,,74.48,,70.11,,14.93,,78.42,81.1,,,70.99,68.03,,,86.98,86.2,93.92,46.17,80.11,75.21,,,,,,,,,60.39,30.54,68.34,,19.27,52.06,45.04,,30.54,49.7,78.56,,79.58,,40.39,39.72,,,63.24,67.89,75.77,60.54,,,,,84.9,65.18,23.1,40.11,95.18,62.79,57.18,36.77,39.13,30.11,70.96,,29.13,23.8,50.56,,51.41,71.03,50.39
,,,,70.0,,14.23,65.49,60.56,43.24,81.1,30.96,78.0,,,30.66,,,6.48,30.96,12.79,45.71,19.44,,68.14,89.44,,,,3.1,,,3.8,,92.51,42.13,48.56,,38.14,3.92,50.11,,43.62,40.23,30.0,26.62,,55.89,46.17,70.85,73.92,26.71,70.82,63.63,,,49.53,41.28,,40.0,40.85,64.88,,,56.85,,,8.7,,19.55,60.68,,80.23,,74.37,19.3,71.55,30.56,39.69,9.3,38.73,,73.8,54.65,7.75,,60.54,45.04,56.03,,25.61,,,,,,61.24,24.34,39.97,,72.79,1.13,49.55,,,,57.46,96.62,79.83,62.39,26.96,,55.04,72.08,10.56,14.23,,,95.89,77.47,,,,54.18,4.06,,,58.45,76.87,,39.41,28.99,56.48,79.97,,33.77,18.99,34.37,,,,,43.92,20.82,,56.87,44.34,70.82,49.97,57.75,50.39,34.32,71.1,,44.76,,,40.11,30.14,48.97,,57.14,72.37,,8.73,79.27,,1.94,,5.77,70.99,25.92,,51.08,74.9,,45.62,50.11,40.54,,38.17,37.61,66.35,77.57,,,41.1,30.39,,30.68,31.69,,24.79,2.68,26.62,29.44,,64.18,4.9,,41.42,60.68,54.23,69.53,78.31,30.82,,9.94,43.66,,1.69,,30.25,,,33.24,,75.04,28.73,,,64.46,,50.68,9.44,,97.93,13.94,,35.49,,65.77,,,49.58,39.3,2.39,30.14,99.83,30.99,60.99,36.03,44.39,49.41,,51.1,83.66,70.66,25.49,71.69,,19.3,29.12,,,34.34,87.3,50.94,39.4,71.27,,,43.66,77.58,67.61,44.62,39.83,,51.65,70.82,,5.75,,,49.69,39.68,39.13,,,61.69,37.72,28.99,,,,20.25,,,,,68.42,,52.63,78.59,,,100.0,15.07,,68.14,,53.21,,,,45.02,36.98,,27.18,44.02,,83.49,47.04,,5.49,,,40.14,,,59.53,,89.69,,74.93,,,61.38,,,61.38,,75.49,10.56,36.62,53.38,49.55,14.62,0.0,,40.52,30.91,,,,86.03,29.83,54.67,,52.78,66.59,60.42,,50.82,72.37,20.82,56.93,56.31,42.35,,41.66,32.54,25.04,,,50.0,1.24,54.48,,78.4,,4.51,,71.27,37.04,40.39,54.67,79.15,53.35,34.23,53.53,,68.0,67.75,53.49,8.73,,,90.39,84.48,0.14,39.77,,10.7,,,,,5.63,70.11,,,9.44,49.81,,56.72,38.0,,,41.55,51.27,38.85,,0.14,52.69,,47.3,,39.13,63.62,52.87,9.13,18.17,60.0,69.72,32.84,39.01,,19.44,62.39,,,81.69,,67.3,70.85,19.13,,24.34,5.07,,60.42,39.13,32.68,55.77,34.06,,1.38,58.15,29.55,,30.8,29.83,,46.71,,60.56,24.76,,100.0,19.69,,,,11.13,44.76,,,88.17,,,50.0,3.1,70.96,41.41,,,55.18,,55.63,20.14,18.56,66.31,10.56,,41.92,54.79,,49.86,61.1,50.39,,93.35,54.06,,,75.74,86.48,,,27.01,29.44,49.97,49.83,,,,68.56,21.38,53.77,,58.62,,54.32,,15.21,,55.73,41.36,,,21.38,34.76,,,70.39,55.35,64.18,30.7,61.41,45.46,,,,,,,,,21.13,30.0,13.21,,62.58,91.97,5.63,,10.85,28.85,46.85,,39.97,,56.64,32.08,,,44.62,44.48,61.1,13.38,,,,,34.74,51.56,71.66,43.52,54.93,51.41,59.13,0.11,51.27,29.44,73.1,,62.49,74.61,8.04,,34.48,59.13,20.14
,,,,30.42,,44.38,53.66,79.01,26.87,80.82,26.04,61.11,,,77.31,,,50.14,38.7,49.13,70.12,49.86,,49.62,30.99,,,,71.55,,,31.97,,84.93,50.18,58.28,,43.79,45.89,81.1,,71.04,71.04,33.07,70.99,,40.0,52.72,68.7,65.07,54.33,45.04,69.55,,,22.69,29.72,,54.03,75.63,76.72,,,65.67,,,50.68,,51.67,18.0,,89.25,,60.42,70.7,29.72,68.73,30.69,55.77,44.48,,29.72,42.69,61.55,,74.93,35.62,86.03,,87.3,,,,,,70.97,61.53,60.82,,59.0,36.39,18.01,,,,60.85,99.15,71.24,57.26,22.71,,76.17,71.42,76.04,45.56,,,50.28,77.98,,,,69.55,20.25,,,51.41,34.76,,61.1,61.38,40.14,74.77,,50.4,50.0,23.49,,,,,77.02,40.12,,36.04,39.24,79.98,61.24,78.45,37.87,2.09,59.1,,68.15,,,60.96,45.27,26.87,,50.45,32.52,,44.93,56.46,,80.39,,69.82,67.16,87.75,,100.0,81.26,,69.95,19.28,39.13,,61.1,48.87,48.59,76.75,,,66.34,50.26,,37.17,49.3,,72.19,32.39,73.1,61.41,,76.2,79.98,,19.13,86.17,70.56,60.82,71.52,36.68,,40.54,81.27,,55.63,,65.07,,,18.17,,62.25,66.2,,,6.87,,79.41,69.86,,38.85,61.83,,33.66,,76.72,,,48.73,27.04,20.85,69.86,74.93,1.1,66.17,31.1,31.22,39.56,,6.74,69.86,100.0,68.59,70.85,,41.27,17.77,,,12.66,70.39,93.13,56.43,49.58,,,28.45,86.17,82.54,71.53,61.52,,26.44,19.28,,29.27,,,71.67,77.19,48.85,,,30.7,60.4,65.75,,,,50.54,,,,,75.48,,85.37,49.01,,,77.58,51.48,,93.82,,24.07,,,,45.67,71.24,,28.73,39.63,,65.07,61.1,,20.56,,,58.58,,,71.64,,86.74,,72.25,,,60.68,,,49.98,,49.76,23.08,75.07,42.39,13.65,24.34,29.3,,41.19,0.0,,,,22.38,71.81,86.68,,78.33,70.0,68.14,,40.0,63.93,38.9,19.42,34.34,30.75,,70.4,39.41,81.1,,,58.87,50.25,50.39,,0.54,,61.55,,28.99,38.81,60.4,24.58,72.54,53.51,81.27,8.42,,70.71,47.18,60.97,55.21,,,60.85,71.82,53.1,8.77,,79.3,,,,,49.86,61.1,,,18.45,52.24,,21.1,30.0,,,37.91,29.15,45.35,,19.86,64.65,,61.53,,65.19,13.12,80.79,29.55,71.27,54.33,72.25,50.82,82.54,,71.13,29.3,,,77.46,,15.76,78.45,39.41,,80.82,57.04,,50.82,50.26,63.1,61.97,61.1,,29.27,21.32,39.69,,21.19,69.39,,64.18,,36.42,62.15,,70.0,50.12,,,,31.55,43.65,,,75.46,,,33.49,39.44,73.36,29.29,,,42.52,,52.66,10.06,81.1,70.54,54.14,,54.03,47.75,,40.25,70.0,64.93,,90.0,59.28,,,0.11,30.28,,,49.51,32.08,65.89,40.93,,,,7.59,25.76,40.13,,76.81,,42.09,,30.99,,43.88,45.37,,,44.49,61.1,,,73.26,27.89,56.72,75.44,68.93,72.1,,,,,,,,,81.95,21.38,70.68,,81.67,76.06,38.76,,28.73,38.85,22.09,,70.82,,61.92,48.91,,,59.98,81.1,55.46,59.3,,,,,4.48,71.34,19.27,63.52,29.69,59.4,64.32,50.0,50.28,28.7,50.85,,63.88,54.65,,,32.82,54.93,18.97
,,,,12.82,,13.77,25.35,55.21,50.28,59.58,,82.68,,,0.09,,,3.8,35.18,68.31,60.82,35.35,,59.3,51.27,,,,83.66,,,9.01,,69.27,81.24,70.7,,,50.42,82.11,,94.17,62.06,3.77,28.73,,56.87,68.31,74.62,62.51,0.09,59.3,75.21,,,12.06,40.39,,41.64,65.07,75.77,,,75.3,,,37.89,,52.96,50.42,,84.03,,61.55,10.28,45.63,62.68,,4.37,66.91,,55.77,50.18,54.65,,39.69,,45.35,,49.58,,,,,,80.0,69.58,30.28,,69.86,0.0,,,,,77.61,19.01,83.66,100.0,29.27,,79.15,81.27,8.0,19.69,,,54.9,90.82,,,,56.28,54.79,,,49.15,45.49,,81.41,70.42,45.77,82.25,,67.89,70.54,40.11,,,,,68.31,61.27,,,19.58,74.08,82.11,80.14,,13.19,81.97,,50.85,,,74.79,9.13,20.37,,78.68,,,33.38,,,61.41,,44.76,69.13,65.92,,81.21,62.39,,76.17,,69.86,,52.92,75.92,90.39,85.61,,,75.32,75.49,,,35.07,,60.25,10.0,35.07,30.56,,81.24,71.13,,41.78,64.08,38.87,53.76,86.45,20.42,,18.65,66.48,,54.65,,44.06,,,29.44,,61.49,55.35,,,17.32,,78.73,10.0,,76.32,49.55,,30.7,,51.36,,,55.63,33.1,5.49,70.56,49.13,24.06,75.32,65.92,39.97,,,,81.13,91.35,34.23,84.37,,65.92,29.41,,,,34.08,91.97,91.94,85.92,,,45.35,28.59,33.1,73.1,53.94,,45.46,,,60.99,,,78.73,89.55,58.73,,,55.92,65.63,65.77,,,,53.94,,,,,,,58.4,49.86,,,49.86,3.77,,100.0,,,,,,100.0,72.98,,35.07,18.85,,27.58,42.06,,8.73,,,60.11,,,48.12,,72.96,,61.41,,,81.55,,,70.14,,75.75,0.0,64.65,59.73,,20.7,4.65,,58.12,18.42,,,,,74.37,100.0,,90.25,65.18,100.0,,71.52,,8.17,39.83,76.06,44.59,,81.13,35.1,34.37,,,22.39,37.46,69.86,,41.78,,5.21,,86.45,69.44,69.58,59.41,78.17,,75.32,18.85,,61.97,76.2,,40.99,,,57.72,,34.08,41.66,,63.66,,,,,29.72,79.72,,,15.77,35.02,,50.28,35.89,,,38.49,40.99,31.27,,5.07,86.73,,,,71.27,50.39,81.1,45.07,9.58,66.47,31.69,0.0,30.56,,9.44,24.37,,,70.99,,,55.77,60.85,,60.56,18.87,,76.45,58.03,54.51,40.0,63.1,,19.86,38.28,70.42,,24.88,43.9,,42.2,,59.16,19.15,,31.52,78.31,,,,8.73,,,,88.58,,,17.3,5.92,,5.32,,,,,16.31,18.14,83.1,68.87,0.0,,50.28,44.79,,13.77,59.27,61.24,,69.83,,,,43.73,76.06,,,51.13,24.48,77.04,60.99,,,,,,,,60.82,,47.98,,35.63,,75.02,58.12,,,,61.13,,,59.41,35.77,60.51,49.69,39.27,,,,,,,,,,95.75,0.11,71.83,,91.8,19.72,8.14,,75.21,46.62,41.92,,72.11,,29.83,17.46,,,62.96,68.31,41.27,65.21,,,,,1.64,85.46,70.42,8.59,81.1,61.48,40.56,29.13,43.38,38.85,17.18,,69.81,57.32,,,71.83,83.13,5.07
,,,,45.97,,40.68,40.28,65.35,29.86,28.15,,77.75,,,39.39,,,77.51,57.89,1.48,45.4,46.2,,74.08,56.06,,,,65.68,,,80.18,,92.08,34.04,70.56,,,84.99,100.0,,91.22,59.95,73.19,82.68,,50.54,49.72,83.9,70.82,13.19,86.9,46.72,,,35.16,21.8,,0.0,72.84,97.7,,,66.57,,,55.07,,12.95,82.82,,86.15,,45.49,50.45,5.63,71.94,,32.24,82.11,,18.31,63.66,55.92,,70.68,,71.69,,61.55,,,,,,46.9,100.0,65.35,,80.7,1.67,,,,,80.18,58.28,100.0,30.92,25.34,,71.27,85.92,54.62,35.65,,,99.41,58.47,,,,10.94,81.41,,,52.39,82.68,,47.87,38.85,17.61,76.56,,45.41,44.48,49.81,,,,,28.95,0.0,,,59.58,58.45,100.0,93.49,,0.09,92.11,,4.02,,,71.64,48.99,10.52,,95.45,,,79.4,,,29.86,,94.2,67.58,38.17,,43.47,26.9,,31.22,,65.35,,72.08,79.29,21.19,38.21,,,70.68,56.07,,,55.63,,71.1,43.49,14.33,69.55,,35.78,79.89,,0.54,6.7,23.66,83.07,68.12,34.23,,7.54,68.64,,,,34.76,,,38.73,,63.98,,,,6.85,,100.0,52.24,,65.04,80.26,,66.76,,60.28,,,53.52,21.55,79.59,57.01,87.72,63.1,58.69,60.14,33.13,,,,59.86,82.77,67.75,71.6,,41.19,23.73,,,,64.65,95.73,31.22,78.73,,,52.54,81.83,,100.0,71.27,,25.03,,,3.44,,,53.93,29.0,28.69,,,35.92,39.68,66.76,,,,93.11,,,,,,,51.92,73.24,,,30.83,49.84,,35.78,,,,,,86.15,8.28,,58.17,30.92,,55.46,24.76,,87.57,,,90.68,,,19.25,,8.58,,25.35,,,41.48,,,100.0,,33.74,11.1,76.04,40.0,,29.86,41.97,,22.49,22.51,,,,,100.0,13.89,,28.29,65.89,77.7,,24.06,,33.1,39.62,92.68,53.76,,100.0,40.54,80.99,,,17.61,29.58,61.69,,7.44,,87.57,,76.85,55.49,100.0,47.33,66.57,,51.55,23.92,,68.31,76.48,,37.01,,,95.32,,61.24,18.63,,30.75,,,,,14.37,100.0,,,52.37,28.26,,57.32,44.62,,,30.7,39.01,29.44,,71.3,30.42,,,,7.77,31.52,38.34,52.25,84.18,61.55,56.8,0.25,64.78,,19.15,27.61,,,33.43,,,43.88,58.17,,60.7,57.4,,57.98,1.48,40.83,65.07,27.54,,48.31,37.99,70.85,,0.09,0.14,,71.5,,22.82,65.07,,86.45,5.9,,,,42.01,,,,94.34,,,45.02,73.08,,25.75,,,,,38.85,9.98,45.25,80.56,49.69,,92.35,12.68,,60.52,76.45,59.97,,91.66,,,,0.11,78.03,,,50.7,34.88,30.29,82.82,,,,,,,,31.83,,48.54,,44.93,,100.0,7.98,,,,42.62,,,40.92,50.0,46.57,50.68,83.22,,,,,,,,,,83.78,32.91,81.5,,32.96,55.52,86.74,,77.51,,24.32,,100.0,,44.18,48.03,,,100.0,12.46,80.7,,,,,,25.02,29.59,77.46,47.63,68.69,28.73,66.76,4.76,52.96,52.07,69.82,,33.47,85.04,,,75.75,26.85,26.2
,,,,50.96,,40.28,100.0,50.42,68.03,,,56.34,,,50.11,,,,77.89,32.51,53.44,60.42,,19.3,100.0,,,,,,,,,75.31,5.57,36.48,,,,86.03,,60.68,60.11,53.47,100.0,,42.21,30.14,55.45,65.02,33.49,78.0,55.18,,,19.13,6.89,,61.27,56.45,70.25,,,71.24,,,56.03,,43.49,51.94,,51.66,,100.0,55.18,100.0,40.25,,34.9,53.8,,100.0,35.63,,,48.12,,61.94,,67.72,,,,,,19.01,43.49,63.63,,32.68,51.27,,,,,65.98,,57.86,34.1,20.33,,75.18,25.07,64.65,0.11,,,67.28,33.44,,,,39.97,77.86,,,100.0,78.85,,76.87,44.48,100.0,75.89,,66.03,48.4,57.18,,,,,,30.11,,,20.7,50.67,83.77,62.72,,24.2,68.73,,,,,70.11,47.96,50.82,,71.38,,,60.54,,,22.51,,81.27,65.49,,,71.38,49.58,,57.38,,65.32,,31.22,,29.02,63.11,,,76.29,50.54,,,100.0,,72.68,,55.32,34.06,,49.84,,,0.99,,100.0,39.73,68.69,4.65,,8.2,,,,,47.0,,,100.0,,75.63,,,,23.77,,82.37,40.25,,38.51,57.18,,100.0,,82.68,,,18.73,100.0,,55.18,76.29,50.56,60.8,69.41,39.34,,,,100.0,85.61,,,,65.61,6.23,,,,62.37,71.38,36.72,29.44,,,81.55,72.65,,66.87,63.63,,14.07,,,33.49,,,59.55,39.02,,,,100.0,,58.99,,,,72.08,,,,,,,70.39,100.0,,,,50.0,,33.44,,,,,,78.99,33.95,,21.41,17.05,,48.4,64.96,,,,,50.42,,,74.34,,,,100.0,,,71.52,,,64.62,,11.53,46.48,,71.41,,73.35,100.0,,60.11,35.71,,,,,73.63,48.52,,60.33,61.36,68.12,,53.9,,11.97,12.46,57.44,51.24,,82.79,0.0,48.99,,,0.11,30.25,60.25,,0.54,,,,58.54,58.73,55.32,21.31,,,8.59,28.93,,33.52,66.2,,43.49,,,58.54,,,10.16,,49.55,,,,,100.0,42.79,,,63.02,67.44,,44.65,38.26,,,63.8,100.0,9.72,,,40.33,,,,,13.91,61.97,52.37,20.96,81.55,,0.0,71.1,,100.0,64.93,,,65.75,,,60.39,43.21,,59.41,,,40.52,34.48,,100.0,49.97,,37.86,3.61,50.54,,55.04,,,59.97,,68.73,17.61,,74.88,58.0,,,,,,,,58.57,,,54.74,,,66.2,,,,,51.27,30.14,65.89,63.63,40.28,,70.68,100.0,,43.62,62.63,40.52,,65.59,,,,0.0,86.34,,,15.49,71.64,,20.0,,,,,,,,57.38,,64.48,,100.0,,68.85,39.41,,,,54.76,,,75.28,100.0,65.75,70.85,76.34,,,,,,,,,,81.97,39.81,,,78.69,56.03,60.56,,,,29.83,,44.48,,6.23,8.87,,,39.41,37.58,67.86,,,,,,29.83,45.57,54.76,,60.38,80.56,36.9,42.21,,51.78,,,61.1,62.99,,,58.31,71.06,15.45
,,,,45.49,,9.65,50.68,30.11,10.7,,,80.77,,,73.77,,,,63.35,15.21,55.89,9.97,,92.31,60.54,,,,,,,,,62.21,19.74,67.16,,,,39.86,,68.42,76.73,0.14,29.69,,54.6,98.52,91.97,59.58,73.21,66.9,70.7,,,56.03,16.78,,31.69,73.24,54.62,,,75.32,,,50.0,,24.51,74.79,,67.44,,50.54,70.14,60.82,62.68,,50.28,12.68,,60.25,1.27,,,74.88,,63.94,,36.9,,,,,,36.39,20.14,68.87,,86.69,0.0,,,,,,,55.63,66.9,0.22,,65.35,80.18,29.22,28.27,,,81.64,60.54,,,,65.32,53.1,,,60.25,75.35,,80.85,50.14,18.56,60.85,,74.93,59.39,9.44,,,,,,29.72,,,45.56,,50.0,,,38.56,79.88,,,,,54.51,12.33,59.41,,73.63,,,60.99,,,41.27,,8.85,10.19,,,76.17,86.69,,55.24,,54.51,,67.72,,50.42,78.26,,,57.42,19.86,,,29.55,,64.88,,91.69,81.13,,59.39,,,9.74,,50.11,50.63,52.25,21.3,,34.24,,,,,41.08,,,40.39,,68.73,,,,55.18,,50.7,70.56,,69.12,6.97,,39.55,,77.04,,,70.25,39.97,,70.28,59.39,36.73,72.25,52.96,49.22,,,,50.68,66.31,,,,51.83,6.72,,,,57.75,70.39,54.65,76.45,,,19.55,73.52,,81.27,62.82,,41.69,,,5.07,,,50.14,59.88,,,,60.68,,66.76,,,,70.85,,,,,,,74.9,60.25,,,,6.7,,62.35,,,,,,71.38,41.67,,19.69,10.64,,41.64,29.06,,,,,19.86,,,68.14,,,,70.82,,,71.69,,,10.0,,53.77,1.34,,4.08,,74.79,0.11,,49.55,5.84,,,,,70.28,57.13,,58.94,67.14,72.11,,43.9,,54.14,54.22,65.07,62.65,,40.56,35.79,54.93,,,38.31,47.61,64.65,,28.22,,,,92.11,13.66,39.86,39.27,,,,10.13,,56.8,90.96,,58.87,,,58.69,,,14.71,,72.39,,,,,39.97,30.0,,,,75.04,,65.37,40.52,,,10.14,69.55,27.81,,,42.35,,,,,34.47,55.54,64.08,81.27,53.1,,16.18,61.83,,10.54,49.69,,,77.04,,,74.65,53.8,,73.8,,,20.56,40.56,,20.96,10.14,,55.92,39.27,46.48,,65.32,,,77.58,,23.24,70.41,,56.43,10.0,,,,,,,,57.92,,,0.14,,,2.14,,,,,8.85,3.75,55.21,76.62,8.31,,53.92,70.96,,17.61,67.0,45.31,,52.77,,,,66.6,71.52,,,89.94,12.54,,39.94,,,,,,,,37.79,,70.39,,0.11,,69.13,46.31,,,,75.77,,,41.36,49.97,66.03,50.94,71.31,,,,,,,,,,87.94,0.14,,,57.53,80.7,19.03,,,,66.45,,35.07,,11.24,75.74,,,59.86,59.01,76.06,,,,,,63.49,46.85,69.15,,91.69,42.25,49.7,37.14,,0.14,,,74.9,,,,60.99,76.76,29.3
,,,,18.69,,,49.97,79.55,24.78,,,80.54,,,80.11,,,,65.07,61.51,65.01,28.0,,81.94,48.85,,,,,,,,,92.11,57.91,80.54,,,,90.52,,54.62,71.1,,13.49,,10.85,68.85,,73.1,80.54,100.0,100.0,,,70.39,35.13,,11.04,49.77,61.52,,,56.31,,,40.28,,75.45,61.55,,65.89,,24.06,60.38,50.25,28.54,,49.95,17.91,,46.17,16.72,,,54.79,,80.99,,49.3,,,,,,72.51,74.33,71.69,,59.97,,,,,,,,86.02,60.57,3.77,,20.0,90.68,,29.63,,,70.0,91.5,,,,49.97,0.0,,,39.55,0.0,,97.71,73.76,24.06,93.91,,69.4,32.39,,,,,,,73.34,,,9.27,,86.16,,,34.76,70.39,,,,,84.89,,55.46,,82.23,,,68.12,,,18.87,,,,,,71.38,81.52,,52.58,,0.0,,72.77,,61.75,99.92,,,86.06,81.79,,,71.52,,,,48.83,74.18,,56.43,,,32.91,,34.06,56.43,,9.41,,4.23,,,,,75.77,,,23.92,,23.24,,,,70.68,,97.29,58.97,,39.81,,,24.06,,59.4,,,53.63,34.48,,73.19,79.72,53.8,,40.42,8.2,,,,75.04,59.69,,,,28.54,0.0,,,,66.76,55.04,83.94,53.92,,,54.9,72.11,,98.41,40.0,,30.1,,,79.12,,,90.1,66.49,,,,45.89,,17.61,,,,90.81,,,,,,,65.32,34.76,,,,,,39.56,,,,,,87.3,17.0,,18.56,9.39,,20.0,57.42,,,,,,,,74.06,,,,46.45,,,99.26,,,74.47,,25.58,,,44.18,,29.58,0.11,,77.44,0.0,,,,,89.82,78.03,,74.48,10.56,,,34.37,,29.69,59.39,82.25,48.7,,78.83,36.43,69.44,,,70.94,20.99,100.0,,16.43,,,,,15.52,68.69,24.88,,,,16.03,,28.56,70.96,,49.81,,,60.99,,,30.98,,73.76,,,,,34.06,90.52,,,,70.25,,50.54,10.14,,,21.49,33.63,0.0,,,77.14,,,,,45.48,28.32,19.72,73.47,28.06,,20.8,83.47,,12.65,40.11,,,79.77,,,37.98,37.75,,58.59,,,,62.36,,18.85,81.09,,39.3,28.91,37.89,,71.24,,,60.11,,27.76,42.93,,90.7,82.07,,,,,,,,73.05,,,,,,,,,,,,,60.38,54.79,,,76.03,39.97,,,9.15,42.25,,82.25,,,,30.23,66.03,,,0.0,,,71.24,,,,,,,,24.77,,65.46,,8.14,,65.89,60.25,,,,89.82,,,61.28,23.92,75.18,,,,,,,,,,,,,,,,91.18,79.67,,,,,38.28,,77.0,,14.12,18.99,,,63.62,82.92,61.97,,,,,,75.32,17.67,28.59,,,68.36,38.85,30.7,,,,,58.85,,,,,70.85,34.2
,,,,80.0,,,61.94,74.76,39.13,,,62.12,,,,,,,40.0,30.99,100.0,31.66,,61.56,72.79,,,,,,,,,,38.45,40.67,,,,63.94,,,,,37.72,,,55.71,,,,,60.0,,,,41.13,,35.18,85.49,,,,,,,,,42.68,,,,,70.25,86.62,62.37,49.86,,75.35,0.11,,76.73,50.54,,,,,,,,,,,,,49.03,32.11,,,35.38,,,,,,,,72.25,100.0,34.79,,,83.01,,49.67,,,,71.97,,,,,,,,61.94,,,86.9,46.2,65.89,74.23,,46.34,,,,,,,,48.31,,,32.31,,68.45,,,,69.92,,,,,56.48,,,,,,,90.7,,,,,,,,,,65.46,,64.79,,,,49.86,,80.0,62.82,,,,40.7,,,61.66,,,,80.85,90.56,,54.08,,,0.14,,68.7,81.11,,37.6,,39.39,,,,,,,,43.92,,80.0,,,,,,63.1,80.85,,61.28,,,55.32,,28.99,,,56.17,49.41,,93.52,,0.0,,,35.07,,,,84.76,,,,,39.72,39.72,,,,,,92.39,79.41,,,85.18,,,70.28,,,50.42,,,29.01,,,55.49,84.51,,,,58.42,,,,,,51.41,,,,,,,,53.49,,,,,,61.27,,,,,,,30.16,,65.18,49.15,,,69.57,,,,,,,,,,,,73.21,,,82.25,,,35.63,,76.2,,,30.11,,,27.86,,,16.34,,,,,80.28,40.56,,71.13,,,,,,12.81,46.76,,,,63.66,0.0,,,,85.35,,,,8.56,,,,,34.34,57.89,92.25,,,,62.25,,81.34,87.01,,81.13,,,,,,39.15,,91.13,,,,,53.77,80.85,,,,,,70.99,,,,19.83,71.94,20.06,,,52.96,,,,,40.0,61.97,,94.79,79.69,,9.24,92.54,,46.73,68.7,,,89.72,,,81.13,,,,,,,24.37,,39.27,30.0,,,62.96,,,,,,,,34.76,14.48,,,18.87,,,,,,,,82.34,,,,,,,,,,,,,54.08,,,,,53.49,,,,,,,,,,9.65,82.23,,,22.01,,,33.15,,,,,,,,54.08,,,,46.59,,,,,,,54.37,,,92.39,48.99,,,,,,,,,,,,,,,,,39.01,75.49,,,,,,,73.94,,43.1,37.05,,,53.38,63.24,,,,,,,,46.9,,,,49.83,41.78,,,,,,,,,,,,23.28
,,,,40.85,,,74.76,85.18,50.28,,,36.17,,,,,,,,60.32,60.94,53.07,,72.65,68.56,,,,,,,,,,40.52,19.27,,,,76.41,,,,,56.17,,,31.94,,,,,60.05,,,,49.81,,29.72,65.63,,,,,,,,,60.59,,,,,82.65,28.87,81.38,50.0,,41.83,34.65,,75.04,60.7,,,,,,,,,,,,,12.79,38.61,,,34.76,,,,,,,,51.47,56.29,13.19,,,92.37,,30.98,,,,53.47,,,,,,,,59.83,,,44.5,45.04,80.96,80.16,,57.37,,,,,,,,77.21,,,0.11,,40.75,,,,90.68,,,,,70.78,,,,,,,50.14,,,,,,,,,,91.38,,53.76,,,,63.52,,57.14,70.52,,,,55.76,,,36.87,,,,43.38,56.06,,74.18,,,20.0,,43.77,92.68,,0.11,,47.29,,,,,,,,41.1,,43.92,,,,,,87.4,46.48,,67.46,,,68.14,,66.9,,,78.42,51.66,,53.1,,,,,43.05,,,,94.2,,,,,29.44,23.05,,,,,,51.08,74.76,,,67.3,,,45.31,,,46.29,,,70.78,,,59.01,60.52,,,,71.66,,,,,,43.7,,,,,,,,68.85,,,,,,53.47,,,,,,,41.97,,17.86,29.25,,,55.35,,,,,,,,,,,,93.63,,,40.75,,,65.68,,61.08,,,44.93,,,6.45,,,23.05,,,,,35.66,90.09,,60.66,,,,,,23.49,55.73,,,,65.42,28.87,,,,71.83,,,,39.01,,,,,59.44,34.58,63.76,,,,31.5,,83.63,77.15,,61.41,,,,,,52.07,,64.93,,,,,56.59,34.58,,,,,,81.5,,,,48.87,91.24,10.54,,,60.94,,,,,44.32,58.83,,70.85,60.42,,68.31,60.7,,66.03,80.82,,,61.41,,,67.89,,,,,,,60.86,,25.75,34.32,,,49.95,,,,,,,,25.07,19.97,,,43.16,,,,,,,,73.94,,,,,,,,,,,,,55.76,,,,,61.1,,,,,,,,,,31.13,66.87,,,0.11,,,65.61,,,,,,,,50.8,,,,80.39,,,,,,,60.86,,,58.59,89.83,,,,,,,,,,,,,,,,,65.45,40.42,,,,,,,60.59,,52.35,61.24,,,60.32,44.5,,,,,,,,70.09,,,,55.77,64.34,,,,,,,,,,,,7.68
,,,,70.52,,,55.3,41.85,28.87,,,71.04,,,,,,,,70.85,91.02,28.62,,67.69,53.63,,,,,,,,,,17.44,83.8,,,,78.59,,,,,40.45,,,82.89,,,,,53.35,,,,36.75,,34.04,61.22,,,,,,,,,75.63,,,,,53.71,64.04,66.35,49.5,,72.21,73.94,,65.12,31.08,,,,,,,,,,,,,61.92,75.07,,,75.9,,,,,,,,74.79,47.86,5.93,,,61.92,,32.25,,,,92.73,,,,,,,,49.38,,,80.0,62.68,60.44,81.27,,67.89,,,,,,,,63.24,,,0.53,,81.83,,,,77.72,,,,,74.93,,,,,,,81.22,,,,,,,,,,51.89,,29.57,,,,49.3,,40.77,63.31,,,,67.75,,,68.32,,,,34.54,29.08,,73.03,,,37.18,,39.81,57.89,,14.81,,2.54,,,,,,,,35.31,,54.08,,,,,,73.24,50.23,,62.54,,,61.54,,29.39,,,58.63,41.31,,71.78,,,,,61.69,,,,66.89,,,,,30.04,10.96,,,,,,89.38,45.83,,,30.02,,,83.94,,,35.99,,,69.3,,,71.66,65.06,,,,45.64,,,,,,42.11,,,,,,,,64.87,,,,,,91.05,,,,,,,37.04,,36.01,9.76,,,42.82,,,,,,,,,,,,62.43,,,81.83,,,72.96,,63.82,,,39.58,,,19.23,,,5.32,,,,,78.17,71.1,,50.6,,,,,,18.76,73.52,,,,80.14,45.77,,,,40.28,,,,28.87,,,,,39.34,78.59,36.61,,,,10.26,,60.7,53.47,,61.64,,,,,,23.85,,29.95,,,,,39.91,70.99,,,,,,80.7,,,,51.92,65.63,0.0,,,29.98,,,,,53.4,78.29,,69.5,42.07,,12.11,39.34,,22.49,51.99,,,59.51,,,49.64,,,,,,,47.75,,35.18,68.03,,,60.02,,,,,,,,41.08,50.45,,,61.83,,,,,,,,71.97,,,,,,,,,,,,,79.44,,,,,60.41,,,,,,,,,,23.38,27.7,,,49.15,,,79.55,,,,,,,,77.12,,,,26.28,,,,,,,75.21,,,,41.12,,,,,,,,,,,,,,,,,82.57,90.94,,,,,,,78.45,,42.54,66.95,,,59.01,77.18,,,,,,,,85.26,,,,58.03,60.15,,,,,,,,,,,,18.76
,,,,35.21,,,38.56,50.11,49.3,,,69.85,,,,,,,,16.17,15.92,1.24,,51.9,95.89,,,,,,,,,,56.34,47.83,,,,67.15,,,,,19.13,,,55.76,,,,,81.69,,,,7.75,,28.17,55.63,,,,,,,,,44.76,,,,,67.58,59.3,30.39,41.13,,76.48,81.69,,71.8,70.0,,,,,,,,,,,,,28.3,60.11,,,60.34,,,,,,,,47.86,42.68,3.52,,,57.92,,22.39,,,,65.63,,,,,,,,67.58,,,74.48,25.18,28.7,65.32,,29.97,,,,,,,,16.59,,,29.09,,44.76,,,,75.84,,,,,57.44,,,,,,,38.73,,,,,,,,,,50.47,,46.9,,,,,,80.42,20.42,,,,38.85,,,28.14,,,,74.65,67.46,,62.39,,,,,61.24,,,2.17,,33.24,,,,,,,,66.59,,40.52,,,,,,72.08,53.66,,,,,71.24,,86.34,,,49.55,60.25,,60.99,,,,,26.34,,,,96.45,,,,,47.61,10.28,,,,,,82.68,70.82,,,20.25,,,74.76,,,32.11,,,10.11,,,74.93,58.31,,,,62.37,,,,,,41.24,,,,,,,,73.21,,,,,,12.25,,,,,,,,,32.08,3.38,,,,,,,,,,,,,,,61.24,,,83.35,,,39.97,,51.97,,,60.28,,,4.62,,,11.83,,,,,67.01,80.99,,21.27,,,,,,10.3,34.08,,,,79.41,,,,,61.83,,,,,,,,,66.48,70.96,40.85,,,,53.38,,60.52,38.0,,56.48,,,,,,30.7,,82.68,,,,,38.42,75.04,,,,,,42.25,,,,60.14,80.68,19.14,,,59.72,,,,,22.82,53.94,,76.06,81.13,,,67.46,,57.72,57.15,,,69.86,,,54.51,,,,,,,19.83,,48.99,56.87,,,31.83,,,,,,,,18.59,46.38,,,20.11,,,,,,,,,,,,,,,,,,,,,90.54,,,,,50.11,,,,,,,,,,,82.23,,,29.06,,,39.86,,,,,,,,51.97,,,,49.97,,,,,,,71.24,,,,72.37,,,,,,,,,,,,,,,,,85.21,56.34,,,,,,,77.15,,44.23,30.8,,,60.82,71.52,,,,,,,,40.7,,,,90.28,54.82,,,,,,,,,,,,9.58
,,,,31.94,,,60.39,80.25,35.63,,,66.71,,,,,,,,2.09,62.96,49.97,,27.14,60.39,,,,,,,,,,51.69,78.69,,,,73.73,,,,,38.7,,,66.85,,,,,81.24,,,,70.42,,51.13,76.59,,,,,,,,,28.06,,,,,49.13,44.76,60.39,50.39,,49.55,72.11,,80.11,39.86,,,,,,,,,,,,,0.66,65.07,,,71.78,,,,,,,,48.66,81.41,40.28,,,79.25,,,,,,69.58,,,,,,,,60.82,,,64.48,43.58,59.97,66.27,,52.84,,,,,,,,6.87,,,59.25,,68.06,,,,83.05,,,,,32.84,,,,,,,84.9,,,,,,,,,,60.09,,79.01,,,,,,63.94,77.89,,,,31.64,,,80.68,,,,55.75,29.55,,88.17,,,,,59.27,,,0.94,,31.52,,,,,,,,39.13,,81.83,,,,,,69.25,75.18,,,,,39.27,,67.46,,,80.82,49.83,,63.77,,,,,82.39,,,,39.41,,,,,75.89,25.21,,,,,,87.04,70.54,,,70.11,,,52.54,,,57.75,,,20.6,,,,60.28,,,,80.82,,,,,,45.67,,,,,,,,39.27,,,,,,75.77,,,,,,,,,59.97,31.55,,,,,,,,,,,,,,,50.82,,,60.6,,,30.15,,70.7,,,44.93,,,38.42,,,25.77,,,,,59.4,68.31,,64.51,,,,,,68.54,73.52,,,,75.52,,,,,44.62,,,,,,,,,45.49,63.88,81.97,,,,50.56,,49.95,80.11,,58.99,,,,,,39.58,,29.41,,,,,39.13,77.61,,,,,,59.25,,,,54.08,69.41,40.52,,,73.8,,,,,60.28,58.45,,81.1,71.55,,,61.94,,39.69,70.54,,,70.96,,,88.85,,,,,,,13.13,,38.85,46.27,,,70.99,,,,,,,,41.69,67.28,,,0.0,,,,,,,,,,,,,,,,,,,,,85.07,,,,,49.97,,,,,,,,,,,70.68,,,9.39,,,42.77,,,,,,,,54.79,,,,39.27,,,,,,,46.27,,,,49.55,,,,,,,,,,,,,,,,,86.34,58.56,,,,,,,70.15,,57.89,24.74,,,15.82,67.16,,,,,,,,55.21,,,,72.39,61.78,,,,,,,,,,,,
,,,,34.33,,,50.11,60.96,67.83,,,89.13,,,,,,,,,80.82,8.28,,71.2,66.03,,,,,,,,,,50.68,61.28,,,,,,,,,40.25,,,60.87,,,,,79.4,,,,18.56,,17.84,62.69,,,,,,,,,,,,,,54.2,67.16,41.1,50.15,,33.13,21.64,,48.28,18.4,,,,,,,,,,,,,60.73,,,,81.66,,,,,,,,,50.82,33.21,,,89.95,,,,,,71.52,,,,,,,,29.83,,,,,33.77,,,,,,,,,,,,,,48.91,,,,,,100.0,,,,,,,,,,,,60.0,,,,,,,,,,82.07,,85.04,,,,,,54.06,81.38,,,,,,,29.83,,,,57.61,60.9,,55.04,,,,,36.87,,,8.97,,,,,,,,,,41.8,,56.48,,,,,,,56.12,,,,,63.07,,18.69,,,22.23,24.76,,79.7,,,,,40.39,,,,71.24,,,,,27.76,39.55,,,,,,90.68,69.55,,,51.52,,,,,,36.59,,,,,,,80.54,,,,20.82,,,,,,,,,,,,,,60.11,,,,,,75.46,,,,,,,,,8.7,80.68,,,,,,,,,,,,,,,23.92,,,,,,,,39.27,,,53.62,,,0.96,,,59.55,,,,,,78.85,,87.58,,,,,,20.52,48.99,,,,,,,,,80.6,,,,,,,,,50.41,,41.52,,,,42.65,,100.0,61.94,,48.06,,,,,,64.2,,59.4,,,,,14.2,,,,,,,65.07,,,,17.64,33.92,29.48,,,55.89,,,,,71.1,87.3,,54.93,30.09,,,77.61,,70.39,9.13,,,73.43,,,61.19,,,,,,,,,19.13,,,,62.79,,,,,,,,19.95,69.43,,,,,,,,,,,,,,,,,,,,,,,,,,,,,34.2,,,,,,,,,,,66.59,,,49.32,,,60.73,,,,,,,,60.11,,,,0.11,,,,,,,,,,,21.38,,,,,,,,,,,,,,,,,63.63,83.88,,,,,,,,,39.13,41.98,,,,,,,,,,,,75.75,,,,48.78,90.49,,,,,,,,,,,,
,,,,20.39,,,,,49.86,,,73.1,,,,,,,,,,,,54.08,,,,,,,,,,,,74.51,,,,,,,,,,,,51.97,,,,,,,,,,,50.56,88.68,,,,,,,,,,,,,,,49.6,,61.22,,40.57,56.2,,,64.65,,,,,,,,,,,,,80.7,,,,91.27,,,,,,,,,,,,,81.97,,,,,,,,,,,,,,,,,,,,,,,,,,,,,,,,,19.72,,,,,,96.2,,,,,,,,,,,,29.7,,,,,,,,,,64.65,,,,,,,,,,,,,,,,,,,,60.07,51.67,,,,,,,,,,65.77,,,,,,,,,,,,90.52,,,,,,,72.05,,,,,,,61.69,,,,,,78.96,,,,,,,,,,,,,,34.71,,,,,,,,,,,,,,,,,,,,,,,,,,,,,,,,,,,,,,,,,,,,,,,,,,,,,,,,,,,,,,,,,,,,,,,,,,,,,,,,,,,,45.35,,,,,,,,,,,,,,,,,,,,50.99,,,,,,,,,,9.43,,,,,,,,,54.93,,,,,,,,81.69,,,71.34,,,,,,,,61.01,,,,,,,,,,,,82.79,,,,53.8,,39.58,,,,,,,,,,,61.15,69.01,,,65.26,,,,,,50.62,,,60.04,,,,,,,,,,,,,,,,,,,,,42.96,35.77,,,,,,,,,,,,,,,,,,,,,,,,,,,,,,,,,,,,,,,,,,,15.92,,,80.7,,,,,,,,,,,,,,,,,,,,,,,,,,,,,,,,,,,,,,,,,9.99,,,,,,,,,,60.99,,,,,,,,,,,,,,,,74.51,80.42,,,,,,,,,,,,
,,,,18.53,,,,,85.75,,,88.87,,,,,,,,,,,,63.38,,,,,,,,,,,,73.38,,,,,,,,,,,,75.49,,,,,,,,,,,61.94,70.6,,,,,,,,,,,,,,,59.15,,38.67,,18.76,67.3,,,43.49,,,,,,,,,,,,,39.86,,,,72.25,,,,,,,,,,,,,83.94,,,,,,,,,,,,,,,,,,,,,,,,,,,,,,,,,45.92,,,,,,82.96,,,,,,,,,,,,33.1,,,,,,,,,,45.49,,,,,,,,,,,,,,,,,,,,29.68,48.76,,,,,,,,,,21.13,,,,,,,,,,,,66.48,,,,,,,71.14,,,,,,,90.11,,,,,,59.26,,,,,,,,,,,,,,17.47,,,,,,,,,,,,,,,,,,,,,,,,,,,,,,,,,,,,,,,,,,,,,,,,,,,,,,,,,,,,,,,,,,,,,,,,,,,,,,,,,,,,71.66,,,,,,,,,,,,,,,,,,,,50.14,,,,,,,,,,29.23,,,,,,,,,74.2,,,,,,,,82.11,,,38.65,,,,,,,,71.78,,,,,,,,,,,,72.84,,,,32.37,,36.06,,,,,,,,,,,70.86,75.61,,,60.49,,,,,,83.96,,,81.53,,,,,,,,,,,,,,,,,,,,,64.34,65.21,,,,,,,,,,,,,,,,,,,,,,,,,,,,,,,,,,,,,,,,,,,67.32,,,60.7,,,,,,,,,,,,,,,,,,,,,,,,,,,,,,,,,,,,,,,,,80.35,,,,,,,,,,53.94,,,,,,,,,,,,,,,,66.31,79.3,,,,,,,,,,,,
,,,,18.87,,,,,36.12,,,,,,,,,,,,,,,,,,,,,,,,,,,,,,,,,,,,,,,,,,,,,,,,,,65.97,34.08,,,,,,,,,,,,,,,40.42,,30.28,,48.87,80.3,,,57.31,,,,,,,,,,,,,,,,,,,,,,,,,,,,,,,,,,,,,,,,,,,,,,,,,,,,,,,,,,,,,,,,,,,,,,,,,,,,,,,,,50.28,,,,,,,,,,,,,,,,,,,,,,,,,,,,,,30.14,37.89,,,,,,,,,,,,,,,,,,,,,,85.89,,,,,,,46.48,,,,,,,54.63,,,,,,70.99,,,,,,,,,,,,,,29.58,,,,,,,,,,,,,,,,,,,,,,,,,,,,,,,,,,,,,,,,,,,,,,,,,,,,,,,,,,,,,,,,,,,,,,,,,,,,,,,,,,,,55.52,,,,,,,,,,,,,,,,,,,,,,,,,,,,,,40.0,,,,,,,,,51.94,,,,,,,,,,,40.42,,,,,,,,40.0,,,,,,,,,,,,18.73,,,,68.96,,,,,,,,,,,,,55.77,61.49,,,58.59,,,,,,80.0,,,76.76,,,,,,,,,,,,,,,,,,,,,31.34,,,,,,,,,,,,,,,,,,,,,,,,,,,,,,,,,,,,,,,,,,,,,,,,,,,,,,,,,,,,,,,,,,,,,,,,,,,,,,,,,,,,,,,,50.56,,,,,,,,,,,,,,,,,,,,,,,,,,76.72,,,,,,,,,,,,,
,,,,,,,,,71.84,,,,,,,,,,,,,,,,,,,,,,,,,,,,,,,,,,,,,,,,,,,,,,,,,,2.75,,,,,,,,,,,,,,,,,,,,,23.92,,,40.97,,,,,,,,,,,,,,,,,,,,,,,,,,,,,,,,,,,,,,,,,,,,,,,,,,,,,,,,,,,,,,,,,,,,,,,,,,,,,,,,,,,,,,,,,,,,,,,,,,,,,,,,,,,,,,,,,,,,,,,,,,,,,,,,,,,,,,55.22,,,,,,,,,,,,,,71.23,,,,,,,,,,,,,,,,,,,,,,,,,,,,,,,,,,,,,,,,,,,,,,,,,,,,,,,,,,,,,,,,,,,,,,,,,,,,,,,,,,,,,,,,,,,,,,,,,,,,,,,,52.0,,,,,,,,,,,,,,,,,,,,,,,,,,,,,,,,,,,,,,,38.08,,,,,,,,,,,,,,,,,,,,,,,,,,,,,,,70.19,,,,32.55,,,,,,,,,,,,,,48.86,,,,,,,,,,,,,,,,,,,,,,,,,,,,,,,,,2.41,,,,,,,,,,,,,,,,,,,,,,,,,,,,,,,,,,,,,,,,,,,,,,,,,,,,,,,,,,,,,,,,,,,,,,,,,,,,,,,,,,,,,,,,,,,,,,,,,,,,,,,,,,,,,,,,,,59.79,,,,,,,,,,,,,
,,,,,,,,,82.73,,,,,,,,,,,,,,,,,,,,,,,,,,,,,,,,,,,,,,,,,,,,,,,,,,69.96,,,,,,,,,,,,,,,,,,,,,30.02,,,60.3,,,,,,,,,,,,,,,,,,,,,,,,,,,,,,,,,,,,,,,,,,,,,,,,,,,,,,,,,,,,,,,,,,,,,,,,,,,,,,,,,,,,,,,,,,,,,,,,,,,,,,,,,,,,,,,,,,,,,,,,,,,,,,,,,,,,,,72.83,,,,,,,,,,,,,,71.84,,,,,,,,,,,,,,,,,,,,,,,,,,,,,,,,,,,,,,,,,,,,,,,,,,,,,,,,,,,,,,,,,,,,,,,,,,,,,,,,,,,,,,,,,,,,,,,,,,,,,,,,81.03,,,,,,,,,,,,,,,,,,,,,,,,,,,,,,,,,,,,,,,40.83,,,,,,,,,,,,,,,,,,,,,,,,,,,,,,,20.14,,,,71.31,,,,,,,,,,,,,,71.03,,,,,,,,,,,,,,,,,,,,,,,,,,,,,,,,,19.32,,,,,,,,,,,,,,,,,,,,,,,,,,,,,,,,,,,,,,,,,,,,,,,,,,,,,,,,,,,,,,,,,,,,,,,,,,,,,,,,,,,,,,,,,,,,,,,,,,,,,,,,,,,,,,,,,,71.59,,,,,,,,,,,,,
,,,,,,,,,40.56,,,,,,,,,,,,,,,,,,,,,,,,,,,,,,,,,,,,,,,,,,,,,,,,,,18.31,,,,,,,,,,,,,,,,,,,,,21.41,,,38.59,,,,,,,,,,,,,,,,,,,,,,,,,,,,,,,,,,,,,,,,,,,,,,,,,,,,,,,,,,,,,,,,,,,,,,,,,,,,,,,,,,,,,,,,,,,,,,,,,,,,,,,,,,,,,,,,,,,,,,,,,,,,,,,,,,,,,,60.08,,,,,,,,,,,,,,50.56,,,,,,,,,,,,,,,,,,,,,,,,,,,,,,,,,,,,,,,,,,,,,,,,,,,,,,,,,,,,,,,,,,,,,,,,,,,,,,,,,,,,,,,,,,,,,,,,,,,,,,,,52.96,,,,,,,,,,,,,,,,,,,,,,,,,,,,,,,,,,,,,,,31.13,,,,,,,,,,,,,,,,,,,,,,,,,,,,,,,,,,,19.15,,,,,,,,,,,,,,45.21,,,,,,,,,,,,,,,,,,,,,,,,,,,,,,,,,19.3,,,,,,,,,,,,,,,,,,,,,,,,,,,,,,,,,,,,,,,,,,,,,,,,,,,,,,,,,,,,,,,,,,,,,,,,,,,,,,,,,,,,,,,,,,,,,,,,,,,,,,,,,,,,,,,,,,30.85,,,,,,,,,,,,,
,,,,,,,,,,,,,,,,,,,,,,,,,,,,,,,,,,,,,,,,,,,,,,,,,,,,,,,,,,,,,,,,,,,,,,,,,,,,,,,,,,,,,,,,,,,,,,,,,,,,,,,,,,,,,,,,,,,,,,,,,,,,,,,,,,,,,,,,,,,,,,,,,,,,,,,,,,,,,,,,,,,,,,,,,,,,,,,,,,,,,,,,,,,,,,,,,,,,,,,,,,,,,,,,,,,,,,,,,40.42,,,,,,,,,,,,,,,,,,,,,,,,,,,,,,,,,,,,,,,,,,,,,,,,,,,,,,,,,,,,,,,,,,,,,,,,,,,,,,,,,,,,,,,,,,,,,,,,,,,,,,,,,,,,,,,,,,,,,,,,,,,,,,,,,,,,,,,,,,,,,,,,,,,,,,,,,,,,,,,,,,,,,,,,,,,,,,,,,,,,,,,,,,,,,,,,,,,,,,,,,,,,,,,,,,,,,,,,,,,,,,,,,,,,,,,,,,,,,,,,,,,,,,,,,,,,,,,,,,,,,,,,,,,,,,,,,,,,,,,,,,,,,,,,,,,,,,,,,,,,,,,,,,,,,,,,,,,,,,,,,,,,,,,,,,,,,,,,,,,,,,,,,,,,,,,,,,,,,,,,,,,,,,
