,POLISHword,Ciepło_M,Kompetencja_M,Valence_M,arousal_M,dominance_M,origin_M,significance_M,concretness_M,imegability_M,ageOfAquisition_M,AUTOMATICITYmean,NumberofLetters,Kazojć2011frequency,cond_arousal,cond_origin
0,nuda,-0.5403696664786677,-1.4853045193918128,-1.5713453517137213,-1.5782749358732595,-1.5565347527446647,0.5941053031300004,0.6763845305977508,1.6100727714109382,-0.5721466315196939,-1.5375517371727785,-0.6178082487385527,-1.121646297052614,0.27218532968847453,-1.0,1.0
1,melancholia,-0.5499634211411887,-0.6195682633818443,-0.862955737548487,-1.2174596434354252,-1.4508355204019145,-1.1018221109231896,1.1817995851046317,2.2662958234826207,-1.2690525973663969,1.1061406561979013,1.2660803148383255,1.7562599058915074,-0.10083061060065901,-1.0,0.0
2,samotność,-1.797879329346598,-1.4048658201599054,-2.169541025897697,0.4964129956442878,-1.9793316821156677,-2.224127017281918,2.6520979254882873,1.7741285344288584,-0.6693893244285363,0.10220683593056007,0.3890873864493435,0.9340009907646155,0.893407501871005,-1.0,-1.0
3,oszczędności,0.9780901232097903,-0.6263966670708788,1.246471113521322,-0.04480994301246367,0.7265686658587485,1.7912305365793106,1.9628955784334492,0.5085555054334711,-0.5559395160348866,0.1579809370565176,0.4824736641481021,2.1673893634549533,0.4393623266212969,0.0,1.0
4,pieprz,0.2928884227852468,0.19083249783962708,0.20749967941231195,-0.18011567767665168,-0.05560565347760638,-0.30373862195698315,-0.5182328709639691,-0.9093550177928433,0.9675293395369748,-1.057894467489491,-1.2308053536329673,-0.2993873819257222,0.27894109964410585,0.0,0.0
5,rodzina,-0.7863667687907269,1.3856993682878198,1.9863447105383447,-0.022258987235099,1.297344520509602,-3.271611596550065,2.4912840445088253,0.23903532333260114,0.9513222240521675,-1.693719220325477,2.3041047092591413,0.11174207563772375,1.5736238887439786,0.0,-1.0
6,sukces,1.442659422264151,2.1587203269441124,2.065054667667815,2.3004894578334594,2.312057151000008,1.3173684650056243,2.0088424015704387,1.6217910401979323,-1.0745672115487122,-0.3551407933023484,0.9338406730254348,-0.2993873819257222,1.058267568843528,1.0,1.0
7,zwycięstwo,1.2748599761186912,2.071629930011924,2.049312676241921,2.8078859628241637,2.893402928885136,0.07036301349592611,2.399390398234847,1.5221857555084806,-0.15076162891471062,-0.756714321409287,2.2041335017226498,1.3451304483280615,1.1793481451577135,1.0,0.0
8,seks,1.6816100771861484,1.2785175491421163,1.9863447105383447,3.0446709984864926,1.170505441698301,-2.897509961097155,1.939922166864954,-0.10079447149023453,1.113393378900238,0.5930189258390351,2.6501128407327466,-1.121646297052614,0.5909803065202421,1.0,-1.0
9,składowisko,-0.509404996257571,-1.1811439313108612,-0.4453110670655815,-0.4056252354502978,-0.5841018151913595,1.3825181375742905,-0.6101265172379476,-0.37031465359110416,-0.5883537470045007,0.8495797910184676,-1.2164382339870046,1.7562599058915074,-1.1022668431696347,-1.0,1.0
10,spokój,1.8731543513102504,1.6366276375898616,1.577052933465098,-2.1645997860847404,0.5574498941103473,-0.9771215657722202,1.3426134660840947,1.867874684724813,-0.7180106708829571,-0.8905721641115995,1.1325858281279209,-0.2993873819257222,1.9481485544581998,-1.0,0.0
11,poezja,1.592866743827424,1.688822950559249,0.7584693793186048,-1.3527653780996134,0.93796713054425,-1.5008638554062934,0.9520654694196864,0.9069766441912781,-0.5235252850652724,0.5260900044878781,2.575882722561938,-0.2993873819257222,0.5738691506073174,-1.0,-1.0
12,postęp,1.2576777725579038,1.5598698243995794,1.1992451392436398,0.5866168187537465,1.529882831663653,2.3399129352435772,0.8142250000087186,1.4342987396060234,-1.3500881747904316,0.31414842020921663,0.9727516220665842,-0.2993873819257222,0.5856933391213881,0.0,1.0
13,szczypce,-0.4258420899201649,-0.14235485946907037,-0.37495400334576984,0.09049579165172383,0.3249115829562962,0.5691651940998058,-0.6790467519434316,-0.8859184802188547,0.8378724156585184,0.3699225213351801,-1.4451148883519134,0.5228715332011696,0.011541493123322507,0.0,0.0
14,łza,-0.9851457149801883,-0.6554537040454735,-1.1305695917886864,0.6317187303084758,-1.6622339850874155,-2.6481088707952156,1.0899059388306531,-0.8507636738578717,1.3240858802027293,-1.2586812315429599,1.0170502409749698,-1.5327757546160599,0.3820961052485084,0.0,-1.0
15,geniusz,0.8907141755730786,2.1364605611189336,1.6715048820204625,0.8797792438594867,2.354336843937108,2.4646134803945476,2.0318158131389326,1.1530602887181591,-0.5559395160348866,0.1579809370565176,2.1125431139796365,0.11174207563772375,0.5634362763789206,1.0,1.0
16,ekstaza,1.637306779792887,0.16823258019271933,1.734472847724039,3.221396856007064,1.2127851346354013,-2.872569852066961,1.1817995851046317,1.625378265336807,-0.4749039386108517,1.9092877124117782,2.8602319655549526,0.11174207563772375,-0.47929937316126703,1.0,0.0
17,orgazm,2.089491807816658,1.321501924528675,2.049312676241921,3.337833423592234,1.1493655952297515,-2.897509961097155,1.4804539354950625,0.6608929996643972,0.8054581846889044,1.8758232517361997,2.1095499640533943,-0.2993873819257222,-0.13370825345971946,1.0,-1.0
18,scenariusz,0.1547871799849814,0.8939609050588112,0.3649195936712524,-0.9919500856617787,0.49403035470469736,1.8411107546396985,-0.035791228025582336,-0.08907620270324018,-0.280418552793167,0.4145418022359511,-0.5597411401694529,1.3451304483280615,0.368555147645605,-1.0,1.0
19,mimoza,-0.46381812065428857,-0.03742667039414488,-0.6355714169522383,-1.4122178978762985,-1.2417859275462495,-0.4062701813033333,-1.3378248512453947,0.18630311379112674,-1.456027368691119,2.6171897651644116,-0.16763849983171664,-0.2993873819257222,-1.1022668431696347,-1.0,0.0
20,anioł,1.271182180038789,1.351297912012537,1.482600984909734,-1.1272558203259666,1.4241835993209029,-2.1991869082517237,0.1939428876593635,1.1999333638661365,1.2106360718090796,-1.3367649731193094,1.618074746164415,-0.710516839489168,0.9677776418546195,-1.0,-1.0
21,cesarz,1.707001015507,0.562762571114447,0.2704676451158884,0.22580152631591183,2.840553312713761,1.7164102094887281,-0.7020201635119262,-0.28828677208214376,0.4002802975687284,0.39223216178556514,-1.1912957746065695,-0.2993873819257222,1.2327972077966438,0.0,1.0
22,lasso,0.01791186921134814,0.053537998134664255,0.14902942554470844,-0.18011567767665168,0.5574498941103473,0.07036301349592611,-1.4831161568407432,-0.9093550177928433,0.5785585679016056,0.14682611683132513,-1.148194415668681,-0.710516839489168,-0.1553657376922167,0.0,0.0
23,zasmucenie,-1.1396131503360092,-1.1478667056328173,-1.6343133174172977,0.22580152631591183,-1.7045136780245158,-2.2740072353423058,1.1358527619676424,1.7741285344288584,-0.7504249018525712,-0.12088956857330088,0.2945038487800882,1.3451304483280615,-1.850829114251385,0.0,-1.0
24,stypendium,1.1167147446829633,-0.47036037851729756,1.5455689506133097,0.15814865898381833,1.2550648275725016,1.3921887920962068,1.6412678164745245,-0.21606397261944338,-0.5883537470045007,1.4073208022781047,0.5189900932482576,1.3451304483280615,0.08473401419827835,1.0,1.0
25,wojna,-1.8730610389369153,-1.4203802024017027,-2.37418691443432,3.5633429813658797,0.5997295870474476,0.045422904465732675,2.100736047844417,0.25075359211959547,0.594765683386413,-0.3105215124015774,-0.5088575914233344,-0.710516839489168,1.638765135533046,1.0,0.0
26,furia,-0.7571223580263562,-1.1786256547730654,-1.68153929169498,3.106340959183776,0.27012055231331705,-3.022210506248125,1.4574805239265674,1.912356276446874,-0.11040921893212755,1.2511533191254067,0.7255174381589733,-0.710516839489168,0.08612545924172738,1.0,-1.0
27,kopia,-0.43531520103505905,-1.0258502114799695,-0.028630191976100075,-1.104704864548602,-0.9011995122196113,1.4919492282169828,-0.31147216684751794,-0.24141369693416637,-0.36145413021720263,0.2249098584076746,-0.7764451948293923,-0.710516839489168,0.18915010930472148,-1.0,1.0
28,ślimak,-0.7243051006980139,-0.7488397923221574,-0.15456612338325226,-1.5782749358732595,-1.4296956739333644,0.2948239947676725,-0.6560733403749369,-0.9445098241538264,1.3240858802027293,-1.002120366363527,-1.127242366184985,-0.2993873819257222,-0.24967694187185285,-1.0,0.0
29,niepewność,-1.4740882716025192,-1.7589984582877893,-1.33521548032531,0.09049579165172383,-2.1695903003326187,-2.2312527627191217,1.2047729966731269,1.8092833407898417,-1.4311237522144666,0.2918387797588306,0.7231229182179796,1.3451304483280615,0.6358058408726636,-1.0,-1.0
30,dyktator,-1.9355000858848104,-0.693954278036808,-1.7287652659726624,1.6239607845125201,1.8681203751604554,1.9907514088208613,0.538544061186783,-0.14766754663821188,-0.15076162891471062,1.4965593640796466,-1.3762724400483415,0.5228715332011696,-0.11291730450638678,0.0,1.0
31,nasienie,0.050698740190312466,-0.1299883228995236,-0.15456612338325226,0.09049579165172383,0.2826318900191959,-0.10421774971543124,0.5155706496182878,-0.8038905987098943,0.3192447201446928,0.9834376337207806,-0.4052946039753522,0.5228715332011696,0.13388700280673013,0.0,0.0
32,troska,2.019613682298548,1.4546521782513433,0.9473732764293341,-0.45072714700502714,0.02895373239659419,-2.1991869082517237,1.8710019321594706,1.5983545026239436,-1.0907743270335188,0.38107734156037265,2.5100334241846087,-0.2993873819257222,0.5505202129024557,0.0,-1.0
33,majątek,0.7609492705539227,1.325409595018357,1.1362771735400634,1.195492624742592,1.3607640599152528,1.7413503185189227,1.8710019321594706,0.28590839848057825,-0.36145413021720263,0.6153285662894201,0.5764585718321091,0.11174207563772375,1.143734418904064,1.0,1.0
34,turbo,1.0266087407254048,0.3759903945610741,0.5223395079301935,1.218043580519956,1.3184843669781525,0.24494377670728457,0.1479960645223742,1.0514222431166789,-1.5121593296385023,-0.020496186546566382,0.8727804145300926,-0.710516839489168,-1.2080781187469432,1.0,0.0
35,emocja,-0.4121565788444358,0.8418715540537609,0.8529213278739695,1.5788588729577908,0.21921235061354596,-2.5982286527348277,1.4804539354950625,2.0788035228907114,-1.6904375999713794,0.47031590336191464,2.9386524936225,-0.2993873819257222,-0.6484228308460984,1.0,-1.0
36,schemat,-0.7221832952673012,0.5220827193500142,-0.12308214053146405,-1.3527653780996134,0.15579281120789507,1.8161706456095041,0.4236770033443093,0.3444997424155502,-0.6693893244285363,0.26952913930844563,-1.2948587620545517,0.11174207563772375,0.2931286343652124,-1.0,1.0
37,ziarno,0.6649587928685189,0.6676907601893781,0.6325334479114526,-1.7586825820921768,-0.2881439646316575,-0.1291578587456247,-0.4263392246899911,-0.6632713732659624,0.7406297227496762,-0.7455595011840939,-0.5645301800514404,-0.2993873819257222,0.65568766909863,-1.0,0.0
38,dobroduszność,1.6675260042493991,1.404286647495377,1.482600984909734,-0.6311347932239445,0.5997295870474476,-2.5234083256442457,1.5034273470635566,2.2194227483346434,-1.7390589464258002,0.5149351842626856,2.9506250933274694,2.5785188210183994,-1.0380241247109554,-1.0,-1.0
39,recesja,-1.3170668111912127,-1.2126223880333422,-1.1581180767840014,0.2529547179662071,-1.55563518480983,1.4244030995935368,-0.5182328709639691,0.9382253609565945,-2.4038955135472437,1.99852627421332,-1.0913245670700782,0.11174207563772375,-1.2994892743622124,0.0,1.0
40,lampart,0.43329718602919165,0.545899112155979,0.538081499356088,0.3611072609800998,1.1282257487612009,-0.3536188400173711,-1.3452756874297753,-1.003101168088798,0.9351151085673608,-0.2547474112756139,-0.30352750648311544,0.11174207563772375,0.005085454656059784,0.0,0.0
41,sentyment,1.2274426766599704,0.48721427498050035,1.1520191649659572,-0.6762367047786738,-1.0068987445623614,-2.0246061450403667,1.1358527619676424,2.0084939101687453,-1.5121593296385023,1.2176888584498282,1.9419335681838281,0.9340009907646155,-0.19439057665635315,0.0,-1.0
42,wyrok,-1.5017398495365906,-1.0973461085875755,-1.2565055231958393,1.7141646076219788,-0.4149830434429584,1.4919492282169828,0.538544061186783,0.5437103117944538,-0.8314604792766068,0.3364580606596016,-0.36219324503746353,-0.710516839489168,1.1149893983383403,1.0,1.0
43,pedofil,-2.6407450253054137,-2.515830496343955,-2.7519947086557788,3.22507864470541,-1.6199542921503152,-0.30373862195698315,0.538544061186783,-0.194540621786189,-0.458696823126045,1.5523334652056102,-0.04432072287053583,0.11174207563772375,-1.9120414776910832,1.0,0.0
44,nienawiść,-1.973345793932817,-1.900651513538943,-2.311218948730744,2.255387546278731,-0.6686612010655602,-2.7728094159461856,1.8939753437279647,2.2897323610566094,-0.7990462483069927,-0.1766636696992644,1.4702131398080478,0.9340009907646155,1.205632328516938,1.0,-1.0
45,pasza,0.190339208757355,-0.8058757579550314,0.002853790875688149,-1.5557239800958949,-0.6898010475341098,0.6439855211903872,-1.4601427452722486,-0.9679463617278151,0.1085522188422015,0.26952913930844563,-1.2044656342820357,-0.710516839489168,-0.06431139940183006,-1.0,1.0
46,pasywność,-1.2999256544616746,-1.2360684109714655,-1.350957471751204,-0.8791953067749554,-2.275289532675369,0.09530312252612065,0.30880994550183666,1.410144757004258,-1.913037369793321,1.976216633762934,-1.0919231970553265,0.9340009907646155,-1.5518098289040811,-1.0,0.0
47,apatia,-1.569084821601816,-1.2378051534113226,-1.4296674288806746,-0.7664405278881326,-1.7679332174301663,-0.4783193851683405,0.9164332392318116,1.9264660286597852,-1.0259458650942908,2.1546937573660183,-1.0583999178814132,-0.2993873819257222,-0.39566315129857194,-1.0,-1.0
48,staż,0.03360379915226116,0.9230698295994344,0.5065975165042997,0.022842924319630333,-0.013325960540506096,2.065571735911444,0.2628631223648474,0.379654548776533,-1.447330867699274,1.9873714539881278,0.021528575506793966,-1.121646297052614,-0.28534347951882394,0.0,1.0
49,żargon,-0.16162587608912624,-0.289853913825827,-0.12308214053146405,-0.35300633863644326,-0.2247244252260066,0.18641086775887528,-0.19660510900504477,0.8723100990297514,-1.8038874083650285,1.8981328921865857,-0.4747356822641726,-0.2993873819257222,-0.3085743597766987,0.0,0.0
50,szloch,-1.3010683982436453,-1.6444199771437542,-1.6185713259914036,0.8121263765273932,-2.4866879973608706,-2.3987077804932757,0.8142250000087186,0.08669782910167495,0.2544162582054653,0.23606467863286712,1.952110277933052,-0.2993873819257222,0.4379520017034948,0.0,-1.0
51,ekskrementy,2.0784584195769535,0.3256248638051078,-1.7307834700016211,1.8654210183238096,-1.5546129485202533,1.1732700572756098,-0.25567959589545763,0.3313524164594123,0.020355357831853008,2.202459269612343,-0.4867082819691416,1.7562599058915074,-0.9293581945839938,1.0,1.0
52,wiedza,1.1498149094020726,2.2395150325318056,1.5140849677615213,0.65426968608584,1.825840682223355,2.4147332623341597,2.973725687447212,1.785846803215853,-1.4797450986688883,-0.46668899555426946,-0.2568343676337361,-0.2993873819257222,1.056767080734618,1.0,0.0
53,zaciekłość,-0.2505059480200576,0.30044209842712744,-0.7527617975672285,1.601409828735156,1.0013866699498999,-0.7526605845004738,0.5615174727552771,1.6569458465589155,-1.1688330873276875,0.8272701505680826,1.2606926449710896,1.3451304483280615,-0.8395310219482691,1.0,-1.0
54,opisywanie,0.5646512831178974,0.8943356485912243,0.23898366226410017,-1.0145010414391433,0.5363100476417977,1.4919492282169828,-0.26552534371052866,0.7780756875343406,-1.0259458650942908,-0.2547474112756139,0.75006126755416,1.3451304483280615,-0.9392576255752104,-1.0,1.0
55,linia,-0.07452340559681717,0.3550047567460922,0.002853790875688149,-1.6459278032053535,0.15579281120789507,0.8684465024621336,-0.2195785205735394,-0.3351598472301211,0.8054581846889044,-1.3256101528941164,-0.8740218824248902,-0.710516839489168,0.9811073509744752,-1.0,0.0
56,rosa,0.3094385051447988,0.6181212363850143,0.4278875593748288,-1.6459278032053535,-0.4149830434429584,-0.2039781858362072,-0.2884987552790233,-0.8038905987098943,0.7730439537192902,-0.3328311528519624,-0.16165219997923247,-1.121646297052614,0.3860125097151303,-1.0,-1.0
57,kiosk,0.06486506583141448,-0.4256609699713775,0.20749967941231195,-1.2174596434354252,-0.35156350403730746,1.1178475927640736,-0.6790467519434316,-1.038255974449781,1.1782218408394662,-0.6786305798329374,-1.0757601874536182,-0.710516839489168,-0.24703212998935017,0.0,1.0
58,skrzynia,0.1921168101959716,0.39929168896254513,0.23898366226410017,-0.022258987235099,-0.07674549994615606,0.24494377670728457,-0.47228604782697986,-1.1202838559587414,0.8378724156585184,-0.8682625236612144,-0.3873357044178986,0.5228715332011696,0.21472361384210958,0.0,0.0
59,źrebię,1.1645260937216735,0.17872539910021287,0.6640174307632408,-0.9242972183296847,-0.7532205869397597,-0.2039781858362072,-0.9087808676283778,-1.038255974449781,0.9837364550217815,-0.2212829506000354,0.3352106877769829,-0.2993873819257222,-0.7153778429179444,0.0,-1.0
60,wódka,-1.0711652788489747,-1.67372750581641,0.3964035765230406,2.007327032727719,-0.6475213545970094,-0.503259494198535,0.4007035917758152,-1.14372039353273,1.3078787647179226,0.4591610831367221,1.2858351043515244,-0.710516839489168,0.3042062348602975,1.0,1.0
61,drzazga,-0.9704345306605873,-1.3158267568591844,-1.2722475146217336,0.4062091725348292,-1.0491784374994617,0.269883885737478,-1.2763554527242915,-0.8038905987098943,0.562351452416799,-0.8013336023100579,-1.4211696889419754,0.11174207563772375,-0.6152389390605115,1.0,0.0
62,odpływ,-0.530937899112475,-0.5670891791030876,-0.0601141748278883,-0.13501376612192234,-0.8300143149275545,0.1950635586468966,0.10204924138538547,-0.17110408421220033,-0.3452470147323952,0.5930189258390351,-0.9584287103449217,-0.2993873819257222,0.014739684221035975,1.0,-1.0
63,strona,0.10501433970366252,0.8040974059867847,0.1445317137087355,-1.4880711127638009,0.02895373239659419,1.092907483733879,-0.4952594593954745,-0.20625889057318333,0.2057949117510438,-0.48899863600466137,-0.7662684850801688,-0.2993873819257222,0.8772867158174361,-1.0,1.0
64,siateczka,-0.03117286728727726,-0.5792308695531857,0.002853790875688149,-1.5557239800958949,-0.4995424293171589,0.39458443088844847,-0.8168872213543994,-0.7804540611359057,0.49752299047757076,0.1356712966061326,-0.9267013211267539,0.9340009907646155,-0.9293581945839938,-1.0,0.0
65,delikatność,1.3191161222801622,0.9866724549771592,1.4196330192061575,-1.1272558203259666,-0.5206822757857086,-1.9497858179497847,1.3426134660840947,1.5280448899019776,-0.8638747102462209,0.1579809370565176,2.2466362306752896,1.7562599058915074,0.03964046663106903,-1.0,-1.0
66,region,0.2261134377095523,0.011260009336624483,0.08156374800515906,-0.8115424394428619,-0.07674549994615606,1.3921887920962068,0.285836533933342,0.3444997424155502,-1.1393956734879405,0.24721949885805963,-1.0494204681026866,-0.2993873819257222,-0.17108153948228058,0.0,1.0
67,jarzmo,-0.597138228550683,-0.8159938333301123,-0.8301599220778719,0.37520160834095295,-1.5418662878481182,0.07686912889511076,0.0725119979401729,0.4473009185923669,-2.3264841933853346,1.89221400798544,-1.1398135958752027,-0.2993873819257222,-0.20401500751066048,0.0,0.0
68,armata,-0.2505059480200576,-0.18685888449050447,-0.35921201191987606,0.4062091725348292,1.593302371069304,0.17012344961670206,-0.31147216684751794,-0.9562280929408208,1.0485649169610098,-0.5113082764550464,-0.16165219997923247,-0.2993873819257222,-0.4751910164836792,0.0,-1.0
69,grzywna,-1.3951543029591,-1.4920208280459613,-1.5713453517137213,1.3344801481051263,-1.091458130436562,0.8933866114923271,0.1250226529538796,-0.07257496706441292,-0.7504249018525712,0.8384249707932752,-0.5992507191958505,0.11174207563772375,-1.050253028061619,1.0,1.0
70,spódnica,0.6080755468327222,0.29543783094816845,0.8529213278739695,-0.20266663345401634,-0.3304236575687578,-0.17903807680601264,-0.5641796941009584,-0.9327915553668321,1.0161506859913956,-1.1025137483902618,0.5932202114190658,0.5228715332011696,-0.016468375469799172,1.0,0.0
71,dzięcioł,0.42712797970161387,-0.07310225467961878,0.3806615850971468,-0.4281761912276625,-0.05560565347760638,-0.2787985129267886,-0.7709403982174101,-1.003101168088798,1.0485649169610098,-0.7009402202833229,-0.32926859584879886,0.5228715332011696,-0.6099085906588545,1.0,-1.0
72,druk,-0.09328016560430771,0.3398950975193006,0.25472565368999395,-1.3527653780996134,0.2826318900191959,1.342308574035819,-0.6330999288064423,-0.6515531044789681,0.384073182083921,-0.32167633262676987,-1.2020711143410416,-1.121646297052614,0.22439781194183012,-1.0,1.0
73,mech,0.2751561916857281,0.4891029823838473,0.47511353365251147,-1.6684787589827181,-0.4784025828486083,0.5941053031300004,-0.8168872213543994,-1.0616925120237697,0.8054581846889044,-0.4332245348786969,0.250803859856951,-1.121646297052614,0.27798134976234085,-1.0,0.0
74,polder,-0.6771302932885196,-0.44202976746706685,-0.04961951387728639,-1.5431956713306938,0.3671912758933965,0.17368632233529763,-0.5306509312712628,-0.339623949625168,-1.8786894798333669,0.5707092853886492,-0.6639027576026835,-0.2993873819257222,-1.6597209231492145,-1.0,-1.0
75,rozmiar,-0.4022150363159547,0.34458430210692764,-0.028630191976100075,-0.5183800143371212,0.24035219708209563,0.993147047613103,0.8371984115772128,0.2741901296935842,-0.896288941215835,-0.3662956135275409,-0.44779733292799234,0.11174207563772375,0.14392991267796607,0.0,1.0
76,głębia,0.11451531291007047,0.39277890481306277,0.12878972228284105,-0.27031950078610983,-0.16130488582035662,-0.15409796777581922,0.8142250000087186,1.141342019931165,0.011309525933359179,0.5260900044878781,1.0206420208864602,-0.2993873819257222,-0.13583383684517195,0.0,0.0
77,gromada,0.5075140940194411,0.29624497086412854,0.23898366226410017,-0.089911854567193,0.0500935788651448,0.09530312252612065,-1.0006745139023565,-0.10079447149023453,-0.24271220248157363,0.31414842020921663,0.132873752763006,0.11174207563772375,0.6815083618155013,0.0,-1.0
78,zysk,1.0441804331071511,1.3044434398910005,1.3251810706507927,0.22580152631591183,1.699001603412054,1.7164102094887281,1.5264007586320516,0.7194843435993686,-1.1393956734879405,0.6376382067398061,0.3016874086030695,-1.121646297052614,0.37497133300803803,1.0,1.0
79,sabat,-0.33938601995098894,0.09260933535228762,-0.4221799776234525,0.14029581899340787,-0.09788534641470667,0.5172490487716402,-1.0761585804845577,0.931848071820819,-0.765942352848661,1.4742497236292618,0.1376627926449935,-0.710516839489168,0.5505202129024557,1.0,0.0
80,protest,-0.32287972087810235,-0.162501071771459,-0.7826394547633138,1.0150849785236746,0.5997295870474476,0.07036301349592611,1.066932527262159,0.7429208811733573,0.2382091427206579,0.47031590336191464,1.5929322867839808,0.11174207563772375,0.35299151989245864,1.0,-1.0
81,kapusta,0.35173316006365696,-0.4403509164418699,0.16027370513462927,-1.375316333876978,-0.4784025828486083,0.5442250850696124,-1.299328864292786,-0.9679463617278151,1.1296004943850446,-1.4260035349208515,-0.2149302686663443,0.11174207563772375,-0.3454919645659661,-1.0,1.0
82,torba,0.5037049480795428,0.12835986834424654,0.2704676451158884,-0.969399129884414,0.19807250414499536,0.22000366767709004,-0.40336581312149644,-1.0499742432367754,0.9675293395369748,-1.3813842540200805,-0.2478549178550094,-0.710516839489168,0.22012038521711658,-1.0,0.0
83,rutyna,-0.07073883479201519,0.8145902248942787,-1.2092795489181571,-1.6459278032053535,-1.0703182839680123,0.6938657392507752,0.10204924138538547,1.0944689447831877,-1.7066447154561868,1.1061406561979013,-0.6920383669093606,-0.2993873819257222,-0.45907485959182903,-1.0,-1.0
84,odwilż,-0.31762572647824394,-0.20283846560011762,-0.17030811480914673,-0.6311347932239445,-0.5841018151913595,0.31976410379786596,-0.12768487429956088,-0.18282235299919466,-0.19938297536913213,0.6041737460642276,-0.37656036468342646,-0.2993873819257222,-0.2910545744996902,0.0,1.0
85,kawaler,-0.05319218833339376,-0.06660347651755842,0.44362955080072325,-0.022258987235099,0.007813885928044518,-0.0792776406852367,0.4925972380497937,-0.39375119116509283,-0.3452470147323952,0.4591610831367221,-0.08323167191168512,0.11174207563772375,0.5127926753664007,0.0,0.0
86,meduza,-0.7166666011474487,-0.29592475905087867,-0.2647600633645114,-0.47327810278239185,0.0500935788651448,0.1950635586468966,-1.2304086295873022,-0.9679463617278151,1.1296004943850446,0.16913575728171112,-1.2912669821430611,-0.2993873819257222,-0.26039287642972514,0.0,-1.0
87,snob,-1.821708108487937,-0.9329718402471963,-1.4572962301587769,0.9474321111915812,-0.11902519288325634,1.3173684650056243,-0.26552534371052866,0.754639149960352,-1.1393956734879405,1.4296304427284907,-0.7249630160980255,-1.121646297052614,-0.8736222191550757,1.0,1.0
88,krater,-0.025766337566136343,-0.3956041209718488,-0.07585616625378205,0.248352482093277,-0.2247244252260066,-0.10421774971543124,-0.6330999288064423,-0.897636749005849,0.6337950635334973,0.8384249707932752,-1.485821727348808,-0.2993873819257222,-0.009740716300729884,1.0,0.0
89,tratwa,0.02257041091255629,0.14934550615922842,0.33343561081946416,-0.7438895721107678,-0.05560565347760638,0.5192849760394178,-1.1155415717448292,-1.2023117374677017,0.8540795311433251,-0.2212829506000354,-0.6692904274699195,-0.2993873819257222,0.18342012388119183,1.0,-1.0
90,szachy,-0.06385779696510546,1.3593923723126002,0.2704676451158884,-1.104704864548602,1.4030437528523532,2.065571735911444,-0.6330999288064423,-0.8390454050708773,1.1782218408394662,-0.16550884947407188,-0.42504939348855125,-0.2993873819257222,0.4021465366117367,-1.0,1.0
91,szczęka,-0.5265569949584743,-0.008571418398537095,-0.15456612338325226,0.0002919685422656653,0.19807250414499536,0.4195245399186419,-0.12768487429956088,-0.897636749005849,1.1458076098698513,-0.4332245348786969,-0.8716273624838962,0.11174207563772375,0.37814996318159877,-1.0,0.0
92,potok,-0.5180062935412121,-0.6986241589791551,0.6325334479114526,-1.2400105992127899,-0.05560565347760638,-0.8524210206212497,-0.3344455784160126,-0.7335809859879285,0.7991737929703109,0.03527791457939811,1.1906529366970207,-0.710516839489168,0.6876587816833795,-1.0,-1.0
93,bokser,-0.34383002354753367,0.020247651462906212,-0.23327608051272317,0.7219225534179345,1.2550648275725016,0.09530312252612065,-1.1614883948818184,-0.6281165669049794,1.0161506859913956,-0.4555341753290829,0.0939628037218567,-0.2993873819257222,-0.11495936769667713,0.0,1.0
94,trzmiel,0.15932993921700728,0.16092378909163457,-0.32772802906808784,0.1806996147611825,0.13465296473934538,-0.004457313594655296,-1.4371693337037539,-1.1320021247457357,0.5345678258714187,0.2806839595336381,-0.021572783431094505,0.11174207563772375,-0.8232889371630777,0.0,0.0
95,gorliwość,0.12187090506987398,0.1706929653158551,-0.0601141748278883,0.9699830669689453,0.5363100476417977,-0.9333491295151407,0.5155706496182878,1.5514814274759663,-1.4169011814829042,0.9388183528200097,1.0380022904586657,0.9340009907646155,-0.2212989324308117,0.0,-1.0
96,skalpel,-0.9060730992623299,-0.4302616674923562,-0.9574076861038516,1.2631454920746854,0.7477085123272991,1.192667919854655,-0.5412062825324637,-0.9796646305148093,0.6920083762952554,0.6376382067398061,-0.9662109001531517,0.11174207563772375,-0.16204297404035706,1.0,1.0
97,walizka,0.22342553230841816,0.866408607498973,0.47511353365251147,-0.5634819258918505,0.26149204355064626,0.24494377670728457,-0.6330999288064423,-0.9679463617278151,0.9837364550217815,-0.8347980629856359,-0.1724275397137046,0.11174207563772375,-0.047869466733661825,1.0,0.0
98,parada,0.6578483871140411,0.45888366393026964,0.4278875593748288,0.11488764177826766,0.3671912758933965,-0.25385840389659514,-1.023647925470851,-0.0656396651292515,0.270623373690272,-0.04280582699695139,1.361861112478078,-0.2993873819257222,-0.26310674376261106,1.0,-1.0
99,szafka,0.4160945914619143,-0.2982274934465834,0.23898366226410017,-1.0821539087712373,0.19807250414499536,0.5941053031300004,-0.4952594593954745,-1.0616925120237697,1.0647720324458172,-1.6695504431708943,-1.0458286881911958,-0.2993873819257222,-0.1465941469666863,-1.0,1.0
100,kukułka,0.7395033693267183,0.132556995907245,0.459371542226617,-0.5634819258918505,-0.2881439646316575,-0.17903807680601264,-1.0695947486078399,-0.9693812517833672,0.5785585679016056,-0.1907779320250184,0.0640313044594341,0.11174207563772375,-0.5546222254433552,-1.0,0.0
101,mgła,-0.6607878284496079,-0.40178076142329133,-0.18605010623504048,-1.307663466544884,-0.9646190516252612,-0.25385840389659514,-0.5412062825324637,-0.28828677208214376,0.9675293395369748,-0.756714321409287,-0.4873069119543902,-1.121646297052614,1.277060341036875,-1.0,-1.0
102,nietoperz,-0.09433096448428273,-0.4004782045933971,-0.17030811480914673,-0.2928704565634745,-0.20358457875745692,0.07036301349592611,-0.839860632922894,-1.0148194368757923,1.356500111172344,-0.5224630966802389,-0.5052658115118438,0.9340009907646155,-0.05511285107014763,0.0,1.0
103,blondyn,0.25216023656708736,-0.31009006457599403,0.47511353365251147,-0.4056252354502978,0.02895373239659419,0.09530312252612065,-0.9087808676283778,-0.6749896420529568,0.7568368382344829,-0.6674757596077449,-0.4142740537540789,0.11174207563772375,0.4825834315138229,0.0,0.0
104,poczta,0.32086594296448906,0.4559529110630065,0.2232416708382057,-0.6536857490013092,-0.11902519288325634,0.993147047613103,-0.7709403982174101,-0.6281165669049794,0.9351151085673608,-0.924036624787178,-0.626189068532031,-0.2993873819257222,0.2473143442806153,0.0,-1.0
105,heretyk,-0.4193780846888256,-1.0709693327821888,-0.9111455072195926,0.6768206418632051,-0.3554463329805165,0.7489418133591244,-0.0128178164570877,1.1061872135701818,-1.3176739438208176,2.0096810944385126,-0.5806931896531486,0.11174207563772375,-1.0029745934445133,1.0,1.0
106,pantofel,-0.4316374049551573,-0.6635946842323192,-0.35921201191987606,-0.27031950078610983,-1.1971573627793133,0.045422904465732675,-0.9317542791968725,-0.9093550177928433,0.8540795311433251,-0.16550884947407188,0.11970389308754012,0.5228715332011696,-0.4551227157301326,1.0,0.0
107,spowiedź,-0.9419929076426914,-0.7234471705660274,-0.737019806141334,0.5415149071990172,-0.9223393586881609,-1.0519418928628017,0.6074642958922664,0.8718218378302949,0.5785585679016056,-0.2435925910504204,0.6608653997521406,0.5228715332011696,0.04867903207299299,1.0,-1.0
108,chusta,0.5374618620986311,0.2565221564286202,0.3491776022453586,-1.0145010414391433,-0.5418221222542592,0.269883885737478,-1.1385149833133237,-0.7804540611359057,1.0161506859913956,-0.9017269843367924,-1.0494204681026866,-0.2993873819257222,-0.22888599291851972,-1.0,1.0
109,horda,-0.6980805959579509,-0.4877495121964026,-0.4694059519011345,0.646592764970139,0.9856442310903385,-0.03156612775790585,-0.34114615679015275,-0.09037823256846042,-0.7954446670881498,1.1730695775490572,-0.44360692303125315,-0.710516839489168,-0.1872874444900011,-1.0,0.0
110,kołyska,1.237346456103704,0.3067377897716225,0.8214373450221812,-1.420418245431707,-0.5418221222542592,-1.076882001892996,0.10204924138538547,-0.8742002114318603,0.9351151085673608,-1.2029071304169965,0.6764297793686003,0.11174207563772375,-0.8648874855915963,-1.0,-1.0
111,goryl,0.19516412694789145,-0.16641339424982324,-0.07585616625378205,0.09049579165172383,0.3249115829562962,-0.4284391671079525,-1.36824909899827,-1.1905934686807074,0.999943570506589,-0.845952883210829,-0.6782698772486462,-0.710516839489168,-0.16880711828861494,0.0,1.0
112,obręcz,-0.598858488007409,0.14095125103323672,-0.20179209766093495,-0.18011567767665168,-0.6052416616599092,0.4195245399186419,-1.299328864292786,-0.9210732865798377,0.4164874130535351,0.31414842020921663,-0.5974548292401053,-0.2993873819257222,0.29125919201391315,0.0,0.0
113,kopyto,-0.21673152068630627,-0.5806318338358912,-0.10734014910557028,-0.4958290585597565,-0.09788534641470667,0.07036301349592611,-1.0925681601763344,-0.9679463617278151,0.9351151085673608,-0.5782371978061974,-0.37476447472768104,-0.2993873819257222,-0.17336595816386627,0.0,-1.0
114,wyciąg,-0.044304181140299034,0.3046392259901259,0.09730573943105282,0.06794483587435966,0.5785897405788979,0.4943448670092244,-1.0006745139023565,-0.4406242663130702,-0.4100754766716235,0.6711026674153836,-0.9656122701679032,-0.2993873819257222,-0.13370825345971946,1.0,1.0
115,wulkan,0.5779832939075368,0.01243231048352964,0.050079765153370835,0.8121263765273932,0.8534077446700493,-0.8773611296514443,-0.5412062825324637,-0.862481942644866,1.0971862634154312,-0.2435925910504204,0.8632023347661175,-0.2993873819257222,0.12751018153545546,1.0,0.0
116,tarcza,-0.04074897826306546,0.2468925398647519,0.1445317137087355,-0.225217589231381,1.0013866699498999,0.9682069385829096,-0.31147216684751794,-0.8038905987098943,0.8702866466281326,-0.4332245348786969,0.21488606074204417,-0.2993873819257222,0.46344294701745886,1.0,-1.0
117,bankiet,0.6000763403589386,0.7941292280246682,1.026083233558805,0.0002919685422656653,0.6842889729216481,0.09530312252612065,-0.05876463959407697,-0.5695252229700077,0.3354518356295002,0.9499731730452021,-0.9422657007432135,0.11174207563772375,-0.10282563958907359,-1.0,1.0
118,żywopłot,0.42712797970161387,0.40124552420738907,0.3964035765230406,-0.8566443509975906,0.02895373239659419,0.31976410379786596,-0.47228604782697986,-0.9327915553668321,1.0809791479306239,0.16913575728171112,-0.911136941510294,0.5228715332011696,0.02421783895816909,-1.0,0.0
119,mim,0.06000088391928738,-0.23194739014074123,0.27753547800098766,-1.0577237066790885,-0.2247244252260066,-0.25385840389659514,-1.1699276072947349,-0.6109131510262001,0.6595941453256412,1.1842243977742497,-0.7339424658767523,-1.5327757546160599,-0.45907485959182903,-1.0,-1.0
120,zasłony,0.16381192575027745,0.4090608651867596,0.19721919521580605,-0.3605233238955685,-0.05560565347760638,0.3447042128280605,-1.2763554527242915,-0.9562280929408208,0.999943570506589,-0.7009402202833229,-0.8506753130002005,0.11174207563772375,0.9618849479594297,0.0,1.0
121,plemię,0.726187286865379,0.17557755342796252,0.17601569656052374,-0.06736089878982833,0.4306108152990465,-0.5780798212891164,-0.587153105669453,0.07497956031468062,0.1409664498118156,0.8161153303428892,1.1032529588507467,-0.2993873819257222,0.6070362290117627,0.0,0.0
122,piorun,0.1244568554385516,0.03392449817680897,-0.09159815767967582,1.218043580519956,0.9591069770127996,-0.7776006935306683,-0.2195785205735394,-0.45234253510006456,1.2268431872938876,-1.13597820906584,0.24421893001921802,-0.2993873819257222,0.7031478079585783,0.0,-1.0
123,dezerter,-0.9111811493733014,-1.0216530839169704,-1.2407635317699452,0.34499943542484446,-1.563437559754806,-0.22077458579531456,-0.4263392246899911,0.2741901296935842,-0.765942352848661,1.7865846899346576,-0.3975124141671224,0.5228715332011696,-0.6152389390605115,1.0,1.0
124,bagażnik,-0.4523906828345983,0.09688141162176547,0.002853790875688149,-0.38307427967293317,-0.2458642716945572,0.6689256302205818,-0.4952594593954745,-1.0265377056627867,0.9513222240521675,-0.5447727371306249,-0.9326876209792383,0.5228715332011696,-0.026726032407839318,1.0,0.0
125,frędzle,0.5547475036741645,-0.45084373534936345,0.10083965587360244,0.113046747429089,-0.7532205869397597,-0.5281996032287285,-0.9087808676283778,-0.7921723299229,0.6337950635334973,0.23606467863286712,-0.5926657893581176,0.11174207563772375,-0.4751910164836792,1.0,-1.0
126,pęcherz,-0.34116362138960593,-0.5421312598445507,-0.8157297632708049,-0.225217589231381,-0.8377799728139603,-0.15409796777581922,0.0561024182483962,-0.7101444484139399,0.22200202723585122,-0.09857992812291488,-0.6591137177206957,0.11174207563772375,0.11844910296076505,-1.0,1.0
127,pościg,-0.3784932516005961,-0.2396124361012776,-0.3119860376421934,1.2856964478520507,0.7265686658587485,-0.5281996032287285,0.1479960645223742,0.13357090424965207,0.5137301059623774,-0.3551407933023484,0.17657374168614323,-0.2993873819257222,0.6954609961436397,-1.0,0.0
128,mydliny,-0.18522506760182228,-0.5935460724912651,-0.42021222869521546,-0.7993273383967929,-0.8084430430208672,-0.31620867647207984,-0.9087808676283778,-0.263893641137785,0.0880452563920376,0.7045671280909621,-1.0021286992680587,0.11174207563772375,-1.0756094917049461,-1.0,-1.0
129,skuter,0.023875435328006595,0.22489380229318073,0.28620963654178216,0.06794483587435966,-0.20358457875745692,0.31976410379786596,-1.0006745139023565,-1.0499742432367754,0.999943570506589,0.014106521090766615,-0.32447955596681133,-0.2993873819257222,-0.5267742562453784,0.0,1.0
130,buldożer,-0.5556608616495813,-0.6127949678663899,-0.6583098490118638,0.7670244649726639,1.2550648275725016,0.22000366767709004,-1.1155415717448292,-1.0616925120237697,0.38572696937828854,0.4145418022359511,-1.2577437029691476,0.5228715332011696,-0.980856174003729,0.0,0.0
131,broszka,0.07657271668576136,0.07547606105047872,0.3019516279676766,-0.969399129884414,-0.18244473228890631,0.24494377670728457,-0.9547276907653671,-0.8390454050708773,0.7730439537192902,0.7380315887665406,-0.565128810036689,0.11174207563772375,-0.7219150915444903,0.0,-1.0
132,bilard,0.4325032201260855,0.6792328609876203,0.7742113707444993,-0.089911854567193,0.5151702011732471,0.22000366767709004,-0.5412062825324637,-0.7101444484139399,1.1782218408394662,-0.08742510789772238,-0.5345986807890178,-0.2993873819257222,-0.24967694187185285,1.0,1.0
133,talia,0.6865439531946015,0.36412265455536263,0.6482754393373463,-0.157564721899287,0.3037717364877465,-0.2787985129267886,0.03312900667990157,-0.8856793318762608,0.8054581846889044,0.9499731730452021,-0.5280137509512849,-0.710516839489168,0.40891068085999505,1.0,0.0
134,figura,0.2423483863324216,0.9111241588432125,0.5223395079301935,-0.4056252354502978,0.3671912758933965,0.6938657392507752,-0.0128178164570877,-0.4992156102480417,0.46510875950795666,-0.8013336023100579,-0.3526151652734885,-0.2993873819257222,0.4074151275594991,1.0,-1.0
