dataset_id,respondent_id,n_matched_items,agreement_rate,agreement_se,cohens_kappa
ariadna,R_2Vax2pbhZSQvFVv,75,0.9733333333333334,0.01860306625462785,0.9450549450549451
ariadna,R_81G9dtBwJid3Vq1,75,0.9733333333333334,0.01860306625462785,0.9450549450549451
ariadna,R_8zjYvDnn7k5ra8B,75,0.9733333333333334,0.01860306625462785,0.9444855662472244
ariadna,R_2NkrvfJOMLmKFvu,75,0.96,0.02262741699796953,0.9194991055456171
ariadna,R_2ZXG0AO6LEFVhEl,75,0.96,0.02262741699796953,0.9171270718232043
ariadna,R_2hXwszcOMftm2aJ,75,0.96,0.02262741699796953,0.9194991055456171
ariadna,R_8EMFmcqGFOQqtGj,75,0.96,0.02262741699796953,0.9201277955271565
ariadna,R_8uKcyMqe7CEoJSU,75,0.96,0.02262741699796953,0.9197860962566844
ariadna,R_8w1FrzycSBGRrX3,75,0.96,0.02262741699796953,0.9199573105656349
ariadna,R_8xspd0tVDfHgh33,75,0.96,0.02262741699796953,0.9179131703757752
ariadna,R_2CHfcRkm2pQ2QFv,75,0.9466666666666667,0.025945812478802534,0.8924731182795699
ariadna,R_2pKpmRhQ43fwxem,75,0.9466666666666667,0.025945812478802534,0.8917748917748918
ariadna,R_82KYLB4TJOFvhi0,75,0.9466666666666667,0.025945812478802534,0.8931623931623931
ariadna,R_8ds4xfRIDf6BH9N,75,0.9466666666666667,0.025945812478802534,0.892933618843683
ariadna,R_8w6W4Gq3ST1QADl,75,0.9466666666666667,0.025945812478802534,0.8927038626609441
ariadna,R_2DOWhBdhPK2TIBh,75,0.9333333333333333,0.028803291992923818,0.8665955176093917
ariadna,R_2PceCk00yJmUAA0,75,0.9333333333333333,0.028803291992923818,0.8653500897666069
ariadna,R_2VDvYWvRILFO6wp,75,0.9333333333333333,0.028803291992923818,0.8666903661571277
ariadna,R_80NBCy1QPWIZ8Tf,75,0.9333333333333333,0.028803291992923818,0.8651564185544768
ariadna,R_82wUg41yTwfgFA5,75,0.9333333333333333,0.028803291992923818,0.8620816476645826
ariadna,R_833r29rInHWjEh5,75,0.9333333333333333,0.028803291992923818,0.8651564185544768
ariadna,R_86hWFIUx8gOoPq2,75,0.9333333333333333,0.028803291992923818,0.8663101604278075
ariadna,R_8GWwig4QwhuCbSx,75,0.9333333333333333,0.028803291992923818,0.8651564185544768
ariadna,R_8LZ8WR32Lr3QIcn,75,0.9333333333333333,0.028803291992923818,0.8660235798499465
ariadna,R_8VfuoOs3YqFeS5z,75,0.9333333333333333,0.028803291992923818,0.8660235798499465
ariadna,R_8jZslP9XDD1J3MZ,75,0.9333333333333333,0.028803291992923818,0.866785079928952
ariadna,R_8vV34t37KR9fsI1,75,0.9333333333333333,0.028803291992923818,0.8651564185544768
ariadna,R_22G3ZBu4W2ayxbc,75,0.92,0.03132624033192194,0.840085287846482
ariadna,R_2EEnEPrBj9i7fR1,75,0.92,0.03132624033192194,0.8390557939914164
ariadna,R_2ewU8duZojKuPJU,75,0.92,0.03132624033192194,0.8350439882697948
ariadna,R_2fNso9AAtTaaBAD,75,0.92,0.03132624033192194,0.826388888888889
ariadna,R_2kmMbMNO09tT2MV,75,0.92,0.03132624033192194,0.8377793799567412
ariadna,R_2lX591Dp8ENrmky,75,0.92,0.03132624033192194,0.8399715504978664
ariadna,R_2oTz3aDU1XHddpD,75,0.92,0.03132624033192194,0.8397435897435899
ariadna,R_2zMYaocw6xIBBm1,75,0.92,0.03132624033192194,0.8291571753986333
ariadna,R_80cbA9a89F1IMgu,75,0.92,0.03132624033192194,0.8392857142857144
ariadna,R_8DO3lKQ7kMwjmaR,75,0.92,0.03132624033192194,0.8399715504978663
ariadna,R_8FLm2MX2vXSY4Q6,75,0.92,0.03132624033192194,0.8333333333333334
ariadna,R_8WHkjxC8i4IiPKj,75,0.92,0.03132624033192194,0.8397435897435899
ariadna,R_8r8RlUASyYrLlgB,75,0.92,0.03132624033192194,0.8400852878464821
ariadna,R_8rZfLqMOeAS1YPT,75,0.92,0.03132624033192194,0.8398576512455517
ariadna,R_21H9KAxX71qdX4N,75,0.9066666666666666,0.03359012200478434,0.8133665126199786
ariadna,R_21YYT1vHylDvm3V,75,0.9066666666666666,0.03359012200478434,0.8102638236357065
ariadna,R_2EckFrJKdcd1r2T,75,0.9066666666666666,0.03359012200478434,0.8128342245989304
ariadna,R_2HN7WiQ7BNAZQYd,75,0.9066666666666666,0.03359012200478434,0.8102638236357065
ariadna,R_2Ib2phbVXvuD8oa,75,0.9066666666666666,0.03359012200478434,0.8131007475970096
ariadna,R_2bWrbgTJPOSw94q,75,0.9066666666666666,0.03359012200478434,0.8133665126199786
ariadna,R_2ijX1noVpj9v9sC,75,0.9066666666666666,0.03359012200478434,0.8066298342541436
ariadna,R_2sSl4XjbQq797s0,75,0.9066666666666666,0.03359012200478434,0.8128342245989304
ariadna,R_87s4mdotpEkJ4iD,75,0.9066666666666666,0.03359012200478434,0.8128342245989304
ariadna,R_87wdw99jDKVgxXP,75,0.9066666666666666,0.03359012200478434,0.8124330117899249
ariadna,R_8GE5C350gpDVW51,75,0.9066666666666666,0.03359012200478434,0.8141592920353982
ariadna,R_8NxnqIeKl7hG4CJ,75,0.9066666666666666,0.03359012200478434,0.8099891422366992
ariadna,R_8RrzP7zKrZNARAb,75,0.9066666666666666,0.03359012200478434,0.81216457960644
ariadna,R_8VI8HVRe9Dgh9Yd,75,0.9066666666666666,0.03359012200478434,0.8044692737430167
ariadna,R_8Ypimg6qBAFDBIZ,75,0.9066666666666666,0.03359012200478434,0.81216457960644
ariadna,R_8ikHC479ci2GYxk,75,0.9066666666666666,0.03359012200478434,0.8112189859762674
ariadna,R_8zHm0PhwcufQ2od,75,0.9066666666666666,0.03359012200478434,0.8133665126199786
ariadna,R_21upZwdFOCzQX5V,75,0.8933333333333333,0.03564433361024608,0.7867803837953092
ariadna,R_25AxwwGd2m5hlaO,75,0.8933333333333333,0.03564433361024608,0.786476868327402
ariadna,R_25GvoK5Ozx4N2sZ,75,0.8933333333333333,0.03564433361024608,0.7807017543859649
ariadna,R_28TWQkfZ6NcTW40,75,0.8933333333333333,0.03564433361024608,0.7841726618705036
ariadna,R_2F3TDdj93HANidc,75,0.8933333333333333,0.03564433361024608,0.7835497835497836
ariadna,R_2Iyrl6tKrfg18nB,75,0.8933333333333333,0.03564433361024608,0.7847919655667145
ariadna,R_2N3aXNKsXHsjpdW,75,0.8933333333333333,0.03564433361024608,0.7857142857142857
ariadna,R_2NhuyFRIOcrpwMz,75,0.8933333333333333,0.03564433361024608,0.7841726618705036
ariadna,R_2YwoxMFswcmeBY5,75,0.8933333333333333,0.03564433361024608,0.7863247863247863
ariadna,R_2ezpItm4xzF3l5o,75,0.8933333333333333,0.03564433361024608,0.7863247863247863
ariadna,R_2mEnAH2vd7PWYoi,75,0.8933333333333333,0.03564433361024608,0.7837058399423216
ariadna,R_2nvj3FAb3B9DnL2,75,0.8933333333333333,0.03564433361024608,0.7867803837953091
ariadna,R_2saXs6ZkrLSlcOT,75,0.8933333333333333,0.03564433361024608,0.7821350762527233
ariadna,R_2uTCQCsxmaubebq,75,0.8933333333333333,0.03564433361024608,0.7861724875267284
ariadna,R_2zvWWfgYdqDuiDH,75,0.8933333333333333,0.03564433361024608,0.7858672376873661
ariadna,R_81Sg3amwKcAw9e0,75,0.8933333333333333,0.03564433361024608,0.7854077253218884
ariadna,R_81zsYozhNEDtruH,75,0.8933333333333333,0.03564433361024608,0.786628733997155
ariadna,R_8JQemhT2CuiPmVz,75,0.8933333333333333,0.03564433361024608,0.7849462365591398
ariadna,R_8M043VdLybdc9sm,75,0.8933333333333333,0.03564433361024608,0.786476868327402
ariadna,R_8MljqrCk3AkCgYI,75,0.8933333333333333,0.03564433361024608,0.786476868327402
ariadna,R_8SLfXvjF5Y2Kkud,75,0.8933333333333333,0.03564433361024608,0.7847919655667145
ariadna,R_8f8hrycYIAUrXPz,75,0.8933333333333333,0.03564433361024608,0.786931818181818
ariadna,R_8pFs7VcVRRuij7g,75,0.8933333333333333,0.03564433361024608,0.7847919655667145
ariadna,R_8pMWcg5z1UY3foX,75,0.8933333333333333,0.03564433361024608,0.786628733997155
ariadna,R_8pVUNqD6EIoozqY,75,0.8933333333333333,0.03564433361024608,0.786931818181818
ariadna,R_8v5CZYWPhsNM0fv,75,0.8933333333333333,0.03564433361024608,0.7860199714693296
ariadna,R_8xA1OTHBT9zMr5v,75,0.8933333333333333,0.03564433361024608,0.786476868327402
ariadna,R_231907Im7bSzsel,75,0.88,0.03752332607858744,0.7608926673751328
ariadna,R_282K0iuLfskF2Zb,75,0.88,0.03752332607858744,0.7597009611961553
ariadna,R_29la0tpiDXrGvXb,75,0.88,0.03752332607858744,0.7608926673751328
ariadna,R_2By4q6ScwtEtppD,75,0.88,0.03752332607858744,0.7537395111273258
ariadna,R_2FFmDUCIm4hy2Cx,75,0.88,0.03752332607858744,0.7583243823845328
ariadna,R_2GGreX92TQa6SgF,75,0.88,0.03752332607858744,0.7560534875316227
ariadna,R_2I06ClXEjTFL1mB,75,0.88,0.03752332607858744,0.7608926673751328
ariadna,R_2L2CRjdUZpTtJpD,75,0.88,0.03752332607858744,0.7608926673751328
ariadna,R_2p5YYuB1ywtiMU1,75,0.88,0.03752332607858744,0.7593582887700535
ariadna,R_2qrJlYjr6jshh4v,75,0.88,0.03752332607858744,0.7608926673751328
ariadna,R_2sbH6qXQYiMeKLA,75,0.88,0.03752332607858744,0.7619047619047619
ariadna,R_2vq0oPAbABHzfod,75,0.88,0.03752332607858744,0.7600426590828298
ariadna,R_87I0wnxMcNYVgkH,75,0.88,0.03752332607858744,0.7600426590828298
ariadna,R_8D76oOperypgreN,75,0.88,0.03752332607858744,0.7593582887700535
ariadna,R_8DOW7NIfbpoeJYX,75,0.88,0.03752332607858744,0.7593582887700535
ariadna,R_8Enz8e9UYRaZWNZ,75,0.88,0.03752332607858744,0.7548129313476207
ariadna,R_8FWFOgbpobiAeaB,75,0.88,0.03752332607858744,0.7602131438721137
ariadna,R_8JlmwhGiDYXz7Q5,75,0.88,0.03752332607858744,0.7584973166368516
ariadna,R_8LkCVkiFqE0BzxZ,75,0.88,0.03752332607858744,0.7593582887700535
ariadna,R_8OZhdT9gR1AATha,75,0.88,0.03752332607858744,0.759871931696905
ariadna,R_8RUrxCahcA4bgGO,75,0.88,0.03752332607858744,0.7540983606557377
ariadna,R_8X6XSeQQJIoxw9k,75,0.88,0.03752332607858744,0.7489773149869839
ariadna,R_8ZbdU1KlqiQFCSJ,75,0.88,0.03752332607858744,0.7576301615798923
ariadna,R_8iVYOJmCdNTb6sb,75,0.88,0.03752332607858744,0.755700325732899
ariadna,R_8iyFsXVAxhb9J8w,75,0.88,0.03752332607858744,0.7453791022255752
ariadna,R_8je8IlNeMntSomu,75,0.88,0.03752332607858744,0.7560534875316227
ariadna,R_8jpwxPUikDRsWYi,75,0.88,0.03752332607858744,0.7608926673751328
ariadna,R_8myAFa7ntNpRECp,75,0.88,0.03752332607858744,0.7576301615798923
ariadna,R_8qOlSkDUKkh2ZwJ,75,0.88,0.03752332607858744,0.760553387726144
ariadna,R_8sdde1wmKvJ88gA,75,0.88,0.03752332607858744,0.7548129313476207
ariadna,R_8uhdrGInbJNz1sJ,75,0.88,0.03752332607858744,0.7595297470609191
ariadna,R_8yL3Tkc8EP97xFD,75,0.88,0.03752332607858744,0.7593582887700535
ariadna,R_8zCvD5RYN820gIt,75,0.88,0.03752332607858744,0.759871931696905
ariadna,R_20iVlFCj9df7Atw,75,0.8666666666666667,0.03925227051701265,0.7330960854092528
ariadna,R_21GWJRj3tD5hYr9,75,0.8666666666666667,0.03925227051701265,0.7330960854092528
ariadna,R_2DRdKEXYsxKPOUh,75,0.8666666666666667,0.03925227051701265,0.729632299927902
ariadna,R_2EXNXWFXkp74VGF,75,0.8666666666666667,0.03925227051701265,0.7330960854092528
ariadna,R_2G31tS5DMIE2Xns,75,0.8666666666666667,0.03925227051701265,0.7106481481481483
ariadna,R_2M0Asp2pVc0yblR,75,0.8666666666666667,0.03925227051701265,0.7302158273381295
ariadna,R_2OkuXrNjO4FFF3T,75,0.8666666666666667,0.03925227051701265,0.729632299927902
ariadna,R_2Qose7hewFhktAa,75,0.8666666666666667,0.03925227051701265,0.7282608695652175
ariadna,R_2Wevv9T0rlkrKlX,75,0.8666666666666667,0.03925227051701265,0.729632299927902
ariadna,R_2Yzas2zZtHlSkCi,75,0.8666666666666667,0.03925227051701265,0.7317596566523605
ariadna,R_2kAkJwDZP3julzk,75,0.8666666666666667,0.03925227051701265,0.7321428571428572
ariadna,R_2kcgECvQsvRyZUm,75,0.8666666666666667,0.03925227051701265,0.7309899569583932
ariadna,R_2pyvBJTOKKIvHyx,75,0.8666666666666667,0.03925227051701265,0.729632299927902
ariadna,R_2sXCbHuP0HCiN7H,75,0.8666666666666667,0.03925227051701265,0.7334754797441366
ariadna,R_82tOX0CeKJVccNK,75,0.8666666666666667,0.03925227051701265,0.7282608695652175
ariadna,R_87k7EF8rGz4tx8B,75,0.8666666666666667,0.03925227051701265,0.7311827956989247
ariadna,R_8BxHDfmg8Erv6gw,75,0.8666666666666667,0.03925227051701265,0.7321428571428572
ariadna,R_8CkrqmUAqpzY6F2,75,0.8666666666666667,0.03925227051701265,0.7330960854092528
ariadna,R_8DZaOXvYfwd0HMS,75,0.8666666666666667,0.03925227051701265,0.7258771929824561
ariadna,R_8FLE4UYd7EeXed1,75,0.8666666666666667,0.03925227051701265,0.7282608695652175
ariadna,R_8L4rga37MZmYn7z,75,0.8666666666666667,0.03925227051701265,0.734982332155477
ariadna,R_8O9eUpgYBK7Uefx,75,0.8666666666666667,0.03925227051701265,0.7282608695652175
ariadna,R_8PdjHK0N2RWSIFZ,75,0.8666666666666667,0.03925227051701265,0.7330960854092528
ariadna,R_8alPcVVlJZ6IePD,75,0.8666666666666667,0.03925227051701265,0.7340425531914894
ariadna,R_8eOtAIE9jnq2K1A,75,0.8666666666666667,0.03925227051701265,0.7311827956989247
ariadna,R_8eQLuiHW46olKkg,75,0.8666666666666667,0.03925227051701265,0.7224278312361214
ariadna,R_8ebyEeOS1CXpjEy,75,0.8666666666666667,0.03925227051701265,0.732905982905983
ariadna,R_8jVxyUMbP1yS1Ep,75,0.8666666666666667,0.03925227051701265,0.729632299927902
ariadna,R_8rBpkSnHpqJ943M,75,0.8666666666666667,0.03925227051701265,0.732905982905983
ariadna,R_8w1CEfVl7WPiePa,75,0.8666666666666667,0.03925227051701265,0.7323340471092078
ariadna,R_8xnPehpUOtpDRDj,75,0.8666666666666667,0.03925227051701265,0.7330960854092528
ariadna,R_24JifL77G8D0ZWT,75,0.8533333333333334,0.040850223264270416,0.7037701974865351
ariadna,R_25Cf7mnMrsGBRgB,75,0.8533333333333334,0.040850223264270416,0.6965796248620818
ariadna,R_2Cg9HKD22wyL7T9,75,0.8533333333333334,0.040850223264270416,0.7058823529411766
ariadna,R_2Clm8tlgNMOOI5H,75,0.8533333333333334,0.040850223264270416,0.696132596685083
ariadna,R_2CvpoMpS2eJbHOY,75,0.8533333333333334,0.040850223264270416,0.7071352502662408
ariadna,R_2Dv5eiyuRBzNSyR,75,0.8533333333333334,0.040850223264270416,0.7058823529411766
ariadna,R_2E1xatTiZz8Kde9,75,0.8533333333333334,0.040850223264270416,0.7060919130744568
ariadna,R_2Hh9GjKeOBBuRTf,75,0.8533333333333334,0.040850223264270416,0.7065101387406618
ariadna,R_2ILOtbO6CMpiHmh,75,0.8533333333333334,0.040850223264270416,0.707757704569607
ariadna,R_2ISFnbbJplXDwvu,75,0.8533333333333334,0.040850223264270416,0.7058823529411766
ariadna,R_2LpXIoUWgOcR0bS,75,0.8533333333333334,0.040850223264270416,0.7058823529411766
ariadna,R_2ODiFnDncGSHAjk,75,0.8533333333333334,0.040850223264270416,0.696132596685083
ariadna,R_2PjsJNa531R55OL,75,0.8533333333333334,0.040850223264270416,0.7037701974865351
ariadna,R_2U91Z3wGky9s0p8,75,0.8533333333333334,0.040850223264270416,0.707757704569607
ariadna,R_2XPeeRq6pDkkQYV,75,0.8533333333333334,0.040850223264270416,0.7071352502662408
ariadna,R_2dGHCTwsvni3y4T,75,0.8533333333333334,0.040850223264270416,0.696132596685083
ariadna,R_2fjCd78htTfEwhL,75,0.8533333333333334,0.040850223264270416,0.7037701974865351
ariadna,R_2gT8W8YxN3fCyAK,75,0.8533333333333334,0.040850223264270416,0.706301174795301
ariadna,R_2lHnojP1QqkhsOd,75,0.8533333333333334,0.040850223264270416,0.7065101387406618
ariadna,R_2sSjjK5lUeNzvin,75,0.8533333333333334,0.040850223264270416,0.7014115092290989
ariadna,R_2slPuhoj7l7l5Bv,75,0.8533333333333334,0.040850223264270416,0.7067188055456809
ariadna,R_2yb0EUpZqnE3d7z,75,0.8533333333333334,0.040850223264270416,0.710017574692443
ariadna,R_81dB8ZMEYP0HQvC,75,0.8533333333333334,0.040850223264270416,0.7037701974865351
ariadna,R_87BGHnKyrw5Cwdb,75,0.8533333333333334,0.040850223264270416,0.7014115092290989
ariadna,R_8EDqYt8Q30iPdFD,75,0.8533333333333334,0.040850223264270416,0.7052518756698822
ariadna,R_8EF82QyPKeoUeaZ,75,0.8533333333333334,0.040850223264270416,0.7069271758436946
ariadna,R_8H1RutBdwphgMPW,75,0.8533333333333334,0.040850223264270416,0.7065101387406618
ariadna,R_8JF2syYe5s2r6iq,75,0.8533333333333334,0.040850223264270416,0.706301174795301
ariadna,R_8Kxt9oGe9PZcPqF,75,0.8533333333333334,0.040850223264270416,0.6791131855309219
ariadna,R_8MbR47CmsNFswkG,75,0.8533333333333334,0.040850223264270416,0.6931944960952028
ariadna,R_8S9g8wTY8Xu2gbT,75,0.8533333333333334,0.040850223264270416,0.7048300536672631
ariadna,R_8YQR3hbVlC9BgJ3,75,0.8533333333333334,0.040850223264270416,0.7058823529411766
ariadna,R_8YyQpgHMP02xim1,75,0.8533333333333334,0.040850223264270416,0.7067188055456809
ariadna,R_8fYLHfmd1Jwp0Y1,75,0.8533333333333334,0.040850223264270416,0.7071352502662408
ariadna,R_8nYKlVyt343ZX8u,75,0.8533333333333334,0.040850223264270416,0.7058823529411766
ariadna,R_8qRCqKr3HBxe1yh,75,0.8533333333333334,0.040850223264270416,0.7071352502662408
ariadna,R_8rUSAMvxWJVadho,75,0.8533333333333334,0.040850223264270416,0.7065101387406618
ariadna,R_8w0n4io5KLpzxsu,75,0.8533333333333334,0.040850223264270416,0.7048300536672631
ariadna,R_8yjb76PJhAwcRwy,75,0.8533333333333334,0.040850223264270416,0.7058823529411766
ariadna,R_20MDP7ruDpHbyzF,75,0.84,0.04233202097703345,0.6781115879828326
ariadna,R_24oCjcGb34HV0ev,75,0.84,0.04233202097703345,0.680624556422995
ariadna,R_2CfRgxI921moSgZ,75,0.84,0.04233202097703345,0.6799431009957325
ariadna,R_2DqmBlPMuNPs0YJ,75,0.84,0.04233202097703345,0.6649292628443781
ariadna,R_2Hdgb6pzO6Ik3cx,75,0.84,0.04233202097703345,0.6794871794871794
ariadna,R_2Hn9HoTFI3YZ9Tz,75,0.84,0.04233202097703345,0.6755587599134822
ariadna,R_2MT2TaqhK8Vxr8d,75,0.84,0.04233202097703345,0.6794871794871794
ariadna,R_2Qcg7aVUClouZOh,75,0.84,0.04233202097703345,0.6771879483500718
ariadna,R_2RgcjZ4S08SinXr,75,0.84,0.04233202097703345,0.6794871794871794
ariadna,R_2VOSOHlZftg4AbT,75,0.84,0.04233202097703345,0.6729651162790697
ariadna,R_2cZfD3hM3X1CZJO,75,0.84,0.04233202097703345,0.6788008565310492
ariadna,R_2e2E57PFELnN8nq,75,0.84,0.04233202097703345,0.6794871794871794
ariadna,R_2jUEVsQzUmMR1hq,75,0.84,0.04233202097703345,0.6739130434782609
ariadna,R_2nq7O9yTEcmtxK3,75,0.84,0.04233202097703345,0.6755587599134822
ariadna,R_2uRdPunVYugdyYF,75,0.84,0.04233202097703345,0.6785714285714285
ariadna,R_2wNMZdzSBylcA8x,75,0.84,0.04233202097703345,0.6785714285714285
ariadna,R_2wtuy3BlTvHnlVn,75,0.84,0.04233202097703345,0.6842105263157895
ariadna,R_805TIgMgJvjPgqd,75,0.84,0.04233202097703345,0.6803977272727272
ariadna,R_80BfyBZiacNaI8N,75,0.84,0.04233202097703345,0.6762589928057553
ariadna,R_862X653kl28Ov7K,75,0.84,0.04233202097703345,0.6700879765395893
ariadna,R_88IeILmtO4k9Gga,75,0.84,0.04233202097703345,0.6801705756929638
ariadna,R_8GCADwpzkbUR76n,75,0.84,0.04233202097703345,0.6703296703296703
ariadna,R_8GJmVrXnmN5mpec,75,0.84,0.04233202097703345,0.6781115879828326
ariadna,R_8MyvszWtmpPCH9L,75,0.84,0.04233202097703345,0.680624556422995
ariadna,R_8QorvfcN2D98eRN,75,0.84,0.04233202097703345,0.6801705756929638
ariadna,R_8R3bcRxfOhyMNb3,75,0.84,0.04233202097703345,0.6790299572039942
ariadna,R_8RkexwDDNrUEPbd,75,0.84,0.04233202097703345,0.6703296703296703
ariadna,R_8TDK60OeA2Z9aFP,75,0.84,0.04233202097703345,0.6803977272727272
ariadna,R_8YPRiuMgb4cON8M,75,0.84,0.04233202097703345,0.6797153024911031
ariadna,R_8agKU4FYnHcsXBq,75,0.84,0.04233202097703345,0.6797153024911031
ariadna,R_8dH6Ii0uFwGDrUI,75,0.84,0.04233202097703345,0.6797153024911031
ariadna,R_8dSYflGftXcsfkZ,75,0.84,0.04233202097703345,0.6530454895913647
ariadna,R_8e8BSSg8wd4xVSE,75,0.84,0.04233202097703345,0.6669133974833455
ariadna,R_8esHzwYlfIg4fX5,75,0.84,0.04233202097703345,0.6822033898305084
ariadna,R_8fdQBbf0TGsb7l1,75,0.84,0.04233202097703345,0.6703296703296703
ariadna,R_8llDwiQ3tztdq3E,75,0.84,0.04233202097703345,0.6794871794871794
ariadna,R_8ly21hIZLykqtYX,75,0.84,0.04233202097703345,0.6781115879828326
ariadna,R_8pLuCaKUofbMXpH,75,0.84,0.04233202097703345,0.6801705756929637
ariadna,R_8ptmOvsPG4iuVgq,75,0.84,0.04233202097703345,0.6762589928057553
ariadna,R_8xk2UIf7wrNTZh7,75,0.84,0.04233202097703345,0.6803977272727272
ariadna,R_23BXQ24onXAZeYD,75,0.8266666666666667,0.04370947858895732,0.6511627906976745
ariadna,R_28jqOUm0oN7usbn,75,0.8266666666666667,0.04370947858895732,0.6536412078152753
ariadna,R_2BpTyYQaavgo8zn,75,0.8266666666666667,0.04370947858895732,0.6548672566371682
ariadna,R_2Bx2KjbfakyOdMu,75,0.8266666666666667,0.04370947858895732,0.6471226927252985
ariadna,R_2CU6OarmmoqHd06,75,0.8266666666666667,0.04370947858895732,0.6509129967776585
ariadna,R_2CldILNmxIPE9Q1,75,0.8266666666666667,0.04370947858895732,0.6499102333931778
ariadna,R_2DQTyOhOkQMQIoN,75,0.8266666666666667,0.04370947858895732,0.6408839779005525
ariadna,R_2O8Gp6I6IArIh0M,75,0.8266666666666667,0.04370947858895732,0.6368715083798883
ariadna,R_2PC5raYVg883awG,75,0.8266666666666667,0.04370947858895732,0.6494066882416396
ariadna,R_2PsLaTtDD7l3HRW,75,0.8266666666666667,0.04370947858895732,0.6476328153234551
ariadna,R_2QFx9z6Oi2Db2WP,75,0.8266666666666667,0.04370947858895732,0.6511627906976745
ariadna,R_2QPZs1jokmPq8bD,75,0.8266666666666667,0.04370947858895732,0.6471226927252985
ariadna,R_2SIi0vGLStBKNOj,75,0.8266666666666667,0.04370947858895732,0.6511627906976745
ariadna,R_2VjlaZUsW6k8Ysp,75,0.8266666666666667,0.04370947858895732,0.6471226927252985
ariadna,R_2jNR3xtkKGpQQ1e,75,0.8266666666666667,0.04370947858895732,0.6536412078152753
ariadna,R_2jPP0nL8PH4RmX5,75,0.8266666666666667,0.04370947858895732,0.6494066882416396
ariadna,R_2nI58rr8inLbpr5,75,0.8266666666666667,0.04370947858895732,0.6538871139510117
ariadna,R_2oRZzAAbsXjXJL8,75,0.8266666666666667,0.04370947858895732,0.6327683615819208
ariadna,R_2ssLy2x91RR6u3J,75,0.8266666666666667,0.04370947858895732,0.6529013883944464
ariadna,R_80ofDbpCCwv6Ilt,75,0.8266666666666667,0.04370947858895732,0.656084656084656
ariadna,R_814QvpUVbQL92Kr,75,0.8266666666666667,0.04370947858895732,0.6538871139510117
ariadna,R_81v2FRdkcM2Nt8T,75,0.8266666666666667,0.04370947858895732,0.6529013883944464
ariadna,R_85cjkz0NDOrCm2Z,75,0.8266666666666667,0.04370947858895732,0.6511627906976745
ariadna,R_88WPLM9UlgFiQDf,75,0.8266666666666667,0.04370947858895732,0.6536412078152753
ariadna,R_8CC5WVGfynbPwAm,75,0.8266666666666667,0.04370947858895732,0.6553552492046659
ariadna,R_8KpwwqfJlSz0Idc,75,0.8266666666666667,0.04370947858895732,0.6538871139510117
ariadna,R_8MXPZwKuUWVULDz,75,0.8266666666666667,0.04370947858895732,0.6414122839279147
ariadna,R_8PZdvwQaixVIvr0,75,0.8266666666666667,0.04370947858895732,0.6509129967776585
ariadna,R_8PuVP9iGJcK0tAt,75,0.8266666666666667,0.04370947858895732,0.6494066882416396
ariadna,R_8RgPydMmCpnqouA,75,0.8266666666666667,0.04370947858895732,0.6531483457844184
ariadna,R_8SHUk4BYdyEOrmV,75,0.8266666666666667,0.04370947858895732,0.6509129967776585
ariadna,R_8VdXQ0yQ5BgYJm8,75,0.8266666666666667,0.04370947858895732,0.6494066882416396
ariadna,R_8X8WJbF7vcwLxfz,75,0.8266666666666667,0.04370947858895732,0.6408839779005525
ariadna,R_8fDGvJQ0f1Moslf,75,0.8266666666666667,0.04370947858895732,0.6531483457844184
ariadna,R_8h5E38xkRFMOCCR,75,0.8266666666666667,0.04370947858895732,0.6486486486486486
ariadna,R_8iPvQtcGoXgbHhO,75,0.8266666666666667,0.04370947858895732,0.6414122839279147
ariadna,R_8kCgov55mQ47F6o,75,0.8266666666666667,0.04370947858895732,0.6533949520085318
ariadna,R_8lyRdre68xb5NK4,75,0.8266666666666667,0.04370947858895732,0.6511627906976745
ariadna,R_8mJieiCaFAwp11z,75,0.8266666666666667,0.04370947858895732,0.6529013883944464
ariadna,R_8mxQ3e67h20ncHj,75,0.8266666666666667,0.04370947858895732,0.6414122839279147
ariadna,R_8zC6nlOxCJ1E5TG,75,0.8266666666666667,0.04370947858895732,0.6516613076098606
ariadna,R_29P7Blkn1kaIP5f,75,0.8133333333333334,0.0449921803905556,0.6268656716417911
ariadna,R_2DhyxH2tqMtR6eZ,75,0.8133333333333334,0.0449921803905556,0.6187363834422659
ariadna,R_2Fn5egUosJ2i7RM,75,0.8133333333333334,0.0449921803905556,0.6271306818181818
ariadna,R_2HnohLM0F2w5Ov1,75,0.8133333333333334,0.0449921803905556,0.6236559139784946
ariadna,R_2JLxtlaJlrQZMVU,75,0.8133333333333334,0.0449921803905556,0.6260683760683761
ariadna,R_2Kj5dakjDYVHYGf,75,0.8133333333333334,0.0449921803905556,0.6268656716417912
ariadna,R_2S6WvaH7SI84Nbf,75,0.8133333333333334,0.0449921803905556,0.6260683760683761
ariadna,R_2fpjSUJHaOEDG7L,75,0.8133333333333334,0.0449921803905556,0.6268656716417911
ariadna,R_2k7h3RcjsdFHXI3,75,0.8133333333333334,0.0449921803905556,0.601366742596811
ariadna,R_2tm3SkV6gFLZKJp,75,0.8133333333333334,0.0449921803905556,0.6260683760683761
ariadna,R_2vw3OAymRZrI7PH,75,0.8133333333333334,0.0449921803905556,0.6260683760683761
ariadna,R_86DVS5A2myfyHjH,75,0.8133333333333334,0.0449921803905556,0.6212121212121212
ariadna,R_87RY6AJ1PMmBvrj,75,0.8133333333333334,0.0449921803905556,0.625
ariadna,R_8EM7YIuqubghD8o,75,0.8133333333333334,0.0449921803905556,0.6236559139784946
ariadna,R_8EpdhQIeaDdesGI,75,0.8133333333333334,0.0449921803905556,0.6268656716417912
ariadna,R_8FOiZUp2GKF0IyN,75,0.8133333333333334,0.0449921803905556,0.6268656716417912
ariadna,R_8XaL3ZIPvO00Mun,75,0.8133333333333334,0.0449921803905556,0.6233859397417504
ariadna,R_8c2shxJgVLo30fb,75,0.8133333333333334,0.0449921803905556,0.6214852198990628
ariadna,R_8eWJyqD7Eqgpu2y,75,0.8133333333333334,0.0449921803905556,0.6276595744680851
ariadna,R_8ez8mi49216S3HB,75,0.8133333333333334,0.0449921803905556,0.6268656716417911
ariadna,R_8im1SoTLO9KYzBL,75,0.8133333333333334,0.0449921803905556,0.6214852198990628
ariadna,R_8pQ36IUtNUZhEGl,75,0.8133333333333334,0.0449921803905556,0.6302816901408451
ariadna,R_8rSBrxWj9PfjBpY,75,0.8133333333333334,0.0449921803905556,0.6276595744680851
ariadna,R_8tfJpBz5wdmgffy,75,0.8133333333333334,0.0449921803905556,0.6153846153846154
ariadna,R_8xCXGsujKCqig7a,75,0.8133333333333334,0.0449921803905556,0.6195652173913044
ariadna,R_21cC7G3yleurDwd,75,0.8,0.04618802153517006,0.597495527728086
ariadna,R_21xfCJa28kBdVdv,75,0.8,0.04618802153517006,0.576271186440678
ariadna,R_2D27rty0mIAPfKQ,75,0.8,0.04618802153517006,0.5960502692998206
ariadna,R_2EiWEwnmrayqHNT,75,0.8,0.04618802153517006,0.597495527728086
ariadna,R_2Fn6U8vTkNkpm7V,75,0.8,0.04618802153517006,0.599216245101532
ariadna,R_2JJHZsJTOkexRMK,75,0.8,0.04618802153517006,0.600071098471383
ariadna,R_2MM6TmdkSW7hTd9,75,0.8,0.04618802153517006,0.5972073039742214
ariadna,R_2POjNYGYe1XGI7X,75,0.8,0.04618802153517006,0.5934224792193713
ariadna,R_2Q5hH6ySOuNxAjF,75,0.8,0.04618802153517006,0.5995016019935921
ariadna,R_2TGhmqN6HunKQgo,75,0.8,0.04618802153517006,0.6023329798515378
ariadna,R_2WAK71y2sWza7sd,75,0.8,0.04618802153517006,0.6003552397868562
ariadna,R_2Y1jGKkCBEwqhbP,75,0.8,0.04618802153517006,0.6003552397868562
ariadna,R_2c1QYtOt96NSgrG,75,0.8,0.04618802153517006,0.5989304812834226
ariadna,R_2cvaPbevpm1CHd6,75,0.8,0.04618802153517006,0.5980707395498394
ariadna,R_2ewxdwv6fC9ivJj,75,0.8,0.04618802153517006,0.5954692556634305
ariadna,R_2gwvcJg8uhJFe1P,75,0.8,0.04618802153517006,0.5997865528281752
ariadna,R_2m3OA3ucYBvKZIY,75,0.8,0.04618802153517006,0.5828698553948833
ariadna,R_2phDbmH4Il1bmbG,75,0.8,0.04618802153517006,0.5980707395498394
ariadna,R_2qOsSATZ9GYVzax,75,0.8,0.04618802153517006,0.6054016134689585
ariadna,R_2t9j4NJBVpdBAvT,75,0.8,0.04618802153517006,0.6006389776357829
ariadna,R_2vPhXINftN6rlgR,75,0.8,0.04618802153517006,0.5997865528281752
ariadna,R_823FhCiNX8bISdx,75,0.8,0.04618802153517006,0.5928338762214984
ariadna,R_83sF7nJJz9KFo9v,75,0.8,0.04618802153517006,0.600071098471383
ariadna,R_8771fLXevrRAHTW,75,0.8,0.04618802153517006,0.5928338762214984
ariadna,R_87AmkPWYNyY4mHL,75,0.8,0.04618802153517006,0.5997865528281752
ariadna,R_8BY5cTdiwFkn9zS,75,0.8,0.04618802153517006,0.6031746031746033
ariadna,R_8DYKZRpflEXoCLC,75,0.8,0.04618802153517006,0.6017699115044248
ariadna,R_8EGdRQ82vym1ggH,75,0.8,0.04618802153517006,0.5995016019935921
ariadna,R_8I5L0SYJdMQ0kMa,75,0.8,0.04618802153517006,0.5954692556634305
ariadna,R_8Jm9AsrOs9sHT3b,75,0.8,0.04618802153517006,0.597495527728086
ariadna,R_8KrPGyx7hP18yTp,75,0.8,0.04618802153517006,0.5631067961165049
ariadna,R_8Pvcpy9SRrt1O59,75,0.8,0.04618802153517006,0.6006389776357829
ariadna,R_8Q3oL4SqZ9hNHt3,75,0.8,0.04618802153517006,0.6017699115044248
ariadna,R_8VaVPJQd93Vtmys,75,0.8,0.04618802153517006,0.5901639344262296
ariadna,R_8ePnXarK2MCSfxD,75,0.8,0.04618802153517006,0.5997865528281752
ariadna,R_8hHkKOeNkLqCoJX,75,0.8,0.04618802153517006,0.5972073039742214
ariadna,R_8ijJSjFOKq2cwAJ,75,0.8,0.04618802153517006,0.597495527728086
ariadna,R_8kThrUREG6esjq5,75,0.8,0.04618802153517006,0.6017699115044248
ariadna,R_8mjT96t19twNfl7,75,0.8,0.04618802153517006,0.5928338762214984
ariadna,R_8rIJh0iBA2tFUbQ,75,0.8,0.04618802153517006,0.6006389776357829
ariadna,R_8wjlDfOoemwws3o,75,0.8,0.04618802153517006,0.5934224792193713
ariadna,R_8xSwW3DCAgayLpT,75,0.8,0.04618802153517006,0.6003552397868562
ariadna,R_8yDFQA7GhjuI0pz,75,0.8,0.04618802153517006,0.5862449429937479
ariadna,R_25FNci8Q7TkS7Dk,75,0.7866666666666666,0.04730359002897803,0.5738636363636362
ariadna,R_2GczN9xvrjCjfZT,75,0.7866666666666666,0.04730359002897803,0.5735607675906182
ariadna,R_2H14IfLum0BlngO,75,0.7866666666666666,0.04730359002897803,0.5652173913043478
ariadna,R_2HtMGWZugWsBtob,75,0.7866666666666666,0.04730359002897803,0.5729537366548042
ariadna,R_2KCNIApS3msjNWi,75,0.7866666666666666,0.04730359002897803,0.5744680851063829
ariadna,R_2Mne9CihMHmgysK,75,0.7866666666666666,0.04730359002897803,0.5642701525054465
ariadna,R_2R4rFl6tFq91fFP,75,0.7866666666666666,0.04730359002897803,0.5738636363636362
ariadna,R_2X4gOahRLKRolMU,75,0.7866666666666666,0.04730359002897803,0.5714285714285713
ariadna,R_2flLwTb43iToB98,75,0.7866666666666666,0.04730359002897803,0.5738636363636362
ariadna,R_2lrUN5u8HzZepq5,75,0.7866666666666666,0.04730359002897803,0.5708154506437767
ariadna,R_2qflo5p3ivXIlSp,75,0.7866666666666666,0.04730359002897803,0.5558845299777941
ariadna,R_2uHsLGAKB9Uc37B,75,0.7866666666666666,0.04730359002897803,0.5471698113207546
ariadna,R_2uvzoqA6wBhXw22,75,0.7866666666666666,0.04730359002897803,0.5723449750534568
ariadna,R_81Fh0m6hPrh76Pq,75,0.7866666666666666,0.04730359002897803,0.5558845299777941
ariadna,R_81iUKhpwRlKw3Pb,75,0.7866666666666666,0.04730359002897803,0.57416607523066
ariadna,R_84OxMBM9TQBvUdC,75,0.7866666666666666,0.04730359002897803,0.57416607523066
ariadna,R_874icJLJcBqLk5W,75,0.7866666666666666,0.04730359002897803,0.5759717314487631
ariadna,R_8IYPStyRNYkHe8l,75,0.7866666666666666,0.04730359002897803,0.5642701525054465
ariadna,R_8Iaxfx60x22BImL,75,0.7866666666666666,0.04730359002897803,0.5558845299777941
ariadna,R_8QFfbGCFxRVxivc,75,0.7866666666666666,0.04730359002897803,0.5717344753747322
ariadna,R_8gOr8gS1SyzgxTe,75,0.7866666666666666,0.04730359002897803,0.5726495726495725
ariadna,R_8kuobey26n3rLk5,75,0.7866666666666666,0.04730359002897803,0.5726495726495725
ariadna,R_8qUJB0Z6jQlWsP7,75,0.7866666666666666,0.04730359002897803,0.5735607675906184
ariadna,R_8rBle3LDguEn0dX,75,0.7866666666666666,0.04730359002897803,0.567411679884643
ariadna,R_8sEgrl4bwOxOieB,75,0.7866666666666666,0.04730359002897803,0.5735607675906184
ariadna,R_8tLQ0nAS0YOdUDt,75,0.7866666666666666,0.04730359002897803,0.5759717314487631
ariadna,R_8xQKr2WKx0phJsS,75,0.7866666666666666,0.04730359002897803,0.5714285714285713
ariadna,R_20GtnZKM4g0Cdvb,75,0.7733333333333333,0.048344443167598755,0.5415318230852211
ariadna,R_22Lm8dLN4OW0m3F,75,0.7733333333333333,0.048344443167598755,0.5392121431152873
ariadna,R_24G7jZADw7sEWTT,75,0.7733333333333333,0.048344443167598755,0.5421903052064632
ariadna,R_2CKp6092B4ZKBJK,75,0.7733333333333333,0.048344443167598755,0.5473908413205538
ariadna,R_2D0kRu03DxRb6wH,75,0.7733333333333333,0.048344443167598755,0.5457784111150694
ariadna,R_2DGVzDbIHoAb87J,75,0.7733333333333333,0.048344443167598755,0.5444801714898178
ariadna,R_2E7ira11RPRoW8p,75,0.7733333333333333,0.048344443167598755,0.5272525027808677
ariadna,R_2EfJ62StpPt9wxE,75,0.7733333333333333,0.048344443167598755,0.5438282647584973
ariadna,R_2FxmpRnuFGwflho,75,0.7733333333333333,0.048344443167598755,0.5438282647584973
ariadna,R_2K2hoj5Qy58bN3b,75,0.7733333333333333,0.048344443167598755,0.5444801714898178
ariadna,R_2OHQCjEESMvxjU8,75,0.7733333333333333,0.048344443167598755,0.5454545454545454
ariadna,R_2Xckd1Yw0xKeTgv,75,0.7733333333333333,0.048344443167598755,0.5435016111707841
ariadna,R_2dbQCFUBqqzWaBe,75,0.7733333333333333,0.048344443167598755,0.5438282647584973
ariadna,R_2e3fSly7KIm6OpW,75,0.7733333333333333,0.048344443167598755,0.5421903052064632
ariadna,R_2efUop61K1fhGkO,75,0.7733333333333333,0.048344443167598755,0.5324532453245324
ariadna,R_2hnCF8m3SqPbGSZ,75,0.7733333333333333,0.048344443167598755,0.5473908413205538
ariadna,R_2kvF05FTbgsDaaR,75,0.7733333333333333,0.048344443167598755,0.5454545454545454
ariadna,R_2mPMn2TSpvEYdaM,75,0.7733333333333333,0.048344443167598755,0.5464247598719317
ariadna,R_2pCqA1NBSv3X5oR,75,0.7733333333333333,0.048344443167598755,0.5493107104984093
ariadna,R_2qvWZgN5vaW1DCF,75,0.7733333333333333,0.048344443167598755,0.5461018155927376
ariadna,R_89h1siRrM4IVJC9,75,0.7733333333333333,0.048344443167598755,0.5464247598719317
ariadna,R_8EuTor8BefeZAUs,75,0.7733333333333333,0.048344443167598755,0.5444801714898178
ariadna,R_8IIXkMUWS9w354Z,75,0.7733333333333333,0.048344443167598755,0.5438282647584973
ariadna,R_8LirCuC2AoRvuYd,75,0.7733333333333333,0.048344443167598755,0.5438282647584973
ariadna,R_8XiCFPziWqPdHwt,75,0.7733333333333333,0.048344443167598755,0.5421903052064632
ariadna,R_8YUI8u1RxuQgHK1,75,0.7733333333333333,0.048344443167598755,0.5470692717584369
ariadna,R_8c2h5u0VglTUM30,75,0.7733333333333333,0.048344443167598755,0.5473908413205538
ariadna,R_8dthz0jCpCa1mCI,75,0.7733333333333333,0.048344443167598755,0.5461018155927376
ariadna,R_8h4GlFMPnAJ2zxx,75,0.7733333333333333,0.048344443167598755,0.5518453427065027
ariadna,R_8mFiyMpg1oZOJ1v,75,0.7733333333333333,0.048344443167598755,0.5444801714898178
ariadna,R_8n1R6qO1ZYkwPXy,75,0.7733333333333333,0.048344443167598755,0.5385450597176981
ariadna,R_8sdQdXDjpVMtJLj,75,0.7733333333333333,0.048344443167598755,0.5470692717584369
ariadna,R_8spM0fm9D9nu1Nk,75,0.7733333333333333,0.048344443167598755,0.5483528161530287
ariadna,R_8zPubelR6b9fuP7,75,0.7733333333333333,0.048344443167598755,0.5464247598719317
ariadna,R_26TzBcLPvyTr5Zv,75,0.76,0.04931531202375181,0.5157819225251077
ariadna,R_29tVmvYL4XcTXix,75,0.76,0.04931531202375181,0.5161290322580645
ariadna,R_2AMUxfWlH5828EG,75,0.76,0.04931531202375181,0.5098039215686275
ariadna,R_2DNEAVsGGfUWSqt,75,0.76,0.04931531202375181,0.5182012847965739
ariadna,R_2DTuFkhG8DHqKHX,75,0.76,0.04931531202375181,0.5171673819742489
ariadna,R_2RBA2Rg979vKdrP,75,0.76,0.04931531202375181,0.5157819225251077
ariadna,R_2aXmtIgbUN3e5C5,75,0.76,0.04931531202375181,0.5195729537366548
ariadna,R_2cAUjbihI6J6C21,75,0.76,0.04931531202375181,0.5051319648093842
ariadna,R_2djpmlR5vN7JNQH,75,0.76,0.04931531202375181,0.5229681978798586
ariadna,R_2eL1p44IRJ3His9,75,0.76,0.04931531202375181,0.5202558635394458
ariadna,R_2kM8o8H7PmigCta,75,0.76,0.04931531202375181,0.5205965909090909
ariadna,R_2qyXF7T1Kg2L8tz,75,0.76,0.04931531202375181,0.5054945054945055
ariadna,R_2xShV9iChqTErG0,75,0.76,0.04931531202375181,0.5212765957446809
ariadna,R_80rczTJTjafQVJp,75,0.76,0.04931531202375181,0.5195729537366548
ariadna,R_82fGGCbLWXwntWF,75,0.76,0.04931531202375181,0.5143884892086331
ariadna,R_85KnTZqRKEkmBxX,75,0.76,0.04931531202375181,0.519914651493599
ariadna,R_8AAd1O7Fx2zvNFD,75,0.76,0.04931531202375181,0.519914651493599
ariadna,R_8DeAgVVZ6jkzFW6,75,0.76,0.04931531202375181,0.5054945054945055
ariadna,R_8It0hMspcGlC0Mz,75,0.76,0.04931531202375181,0.5161290322580645
ariadna,R_8M9E9uyEozMnWMC,75,0.76,0.04931531202375181,0.5195729537366548
ariadna,R_8MfmYoCkiaW0BNI,75,0.76,0.04931531202375181,0.5192307692307693
ariadna,R_8MuyCkIZ5SObgqZ,75,0.76,0.04931531202375181,0.5161290322580645
ariadna,R_8O1WDRUTrcKv8z2,75,0.76,0.04931531202375181,0.5233050847457626
ariadna,R_8Oo9Zqbzl8gDVDI,75,0.76,0.04931531202375181,0.5283018867924529
ariadna,R_8P2a7NCt9Fi8p5O,75,0.76,0.04931531202375181,0.5263157894736843
ariadna,R_8ZIBNuHXgliKSd3,75,0.76,0.04931531202375181,0.5133381398702236
ariadna,R_8e3xi7b3YvcNMWA,75,0.76,0.04931531202375181,0.5133381398702236
ariadna,R_8e95hjn9NmWthyc,75,0.76,0.04931531202375181,0.5014771048744461
ariadna,R_8fjTCXyXD3NT5XO,75,0.76,0.04931531202375181,0.5299442896935933
ariadna,R_8jZdlhaeCPT0USi,75,0.76,0.04931531202375181,0.5157819225251076
ariadna,R_8kFIfGCWJXfUt8y,75,0.76,0.04931531202375181,0.5178571428571429
ariadna,R_8mLD85mHGrfw3FB,75,0.76,0.04931531202375181,0.5051319648093842
ariadna,R_8odKkshXB3EHE7U,75,0.76,0.04931531202375181,0.5202558635394456
ariadna,R_8oh7dZeLr4iTht3,75,0.76,0.04931531202375181,0.512987012987013
ariadna,R_8qUKJQBKxpy0TN8,75,0.76,0.04931531202375181,0.5195729537366548
ariadna,R_8qeyNCm56Ax1Umc,75,0.76,0.04931531202375181,0.5202558635394458
ariadna,R_8uxgO0V5l9TugPL,75,0.76,0.04931531202375181,0.5192307692307693
ariadna,R_21Ac0oOLwaIB6mN,75,0.7466666666666667,0.050220255615379676,0.49270202919188333
ariadna,R_21YLZF1qqGDdgJo,75,0.7466666666666667,0.050220255615379676,0.484256243213898
ariadna,R_24X0M64rFhDRyUh,75,0.7466666666666667,0.050220255615379676,0.47744774477447743
ariadna,R_2CwAzchfujMnt4Z,75,0.7466666666666667,0.050220255615379676,0.49557522123893816
ariadna,R_2N5wFosVv3Y9Lep,75,0.7466666666666667,0.050220255615379676,0.48759439050701187
ariadna,R_2PbKr1p5AgkDL4F,75,0.7466666666666667,0.050220255615379676,0.49016100178890887
ariadna,R_2lBFhZm7yPF7lSN,75,0.7466666666666667,0.050220255615379676,0.4908896034297965
ariadna,R_2pKx5El5V9r4fVi,75,0.7466666666666667,0.050220255615379676,0.4908896034297965
ariadna,R_2qX18jH7SICzKq4,75,0.7466666666666667,0.050220255615379676,0.48087431693989074
ariadna,R_2qfIkpHB5gYyM2Z,75,0.7466666666666667,0.050220255615379676,0.49197860962566853
ariadna,R_2vRI607HEp5WYQF,75,0.7466666666666667,0.050220255615379676,0.49378330373001783
ariadna,R_8CQ2M7Rk6ReKhoJ,75,0.7466666666666667,0.050220255615379676,0.4941427050053249
ariadna,R_8Jv7J4j76RhrIGt,75,0.7466666666666667,0.050220255615379676,0.4962884411452811
ariadna,R_8Kw2qpFAfGjipEg,75,0.7466666666666667,0.050220255615379676,0.49306296691568846
ariadna,R_8SXQbhZJkkgchfb,75,0.7466666666666667,0.050220255615379676,0.484256243213898
ariadna,R_8WNEq4Hm0eja2SN,75,0.7466666666666667,0.050220255615379676,0.48869752421959106
ariadna,R_8c7TugTGeIWRIPW,75,0.7466666666666667,0.050220255615379676,0.49016100178890887
ariadna,R_8ea6bKdHN7y51sR,75,0.7466666666666667,0.050220255615379676,0.4908896034297965
ariadna,R_8hHfTmY2x5Vki8h,75,0.7466666666666667,0.050220255615379676,0.4908896034297965
ariadna,R_8i3R1eNCX8f2jQa,75,0.7466666666666667,0.050220255615379676,0.4864864864864865
ariadna,R_8j2N2C4aDpCLLfb,75,0.7466666666666667,0.050220255615379676,0.49378330373001783
ariadna,R_8uW1UMLxvrgu5w4,75,0.7466666666666667,0.050220255615379676,0.4801167457132434
ariadna,R_8zCuaLKF21t8WFU,75,0.7466666666666667,0.050220255615379676,0.4977088473739867
ariadna,R_24DfxPEnc3QxvAz,75,0.7333333333333333,0.05106277908033804,0.4673295454545453
ariadna,R_2BhpMgi9i9VN3Ve,75,0.7333333333333333,0.05106277908033804,0.4661921708185052
ariadna,R_2EnVccUY7eqYqtm,75,0.7333333333333333,0.05106277908033804,0.4661921708185052
ariadna,R_2LBUYOmUI8QDCwl,75,0.7333333333333333,0.05106277908033804,0.468462083628632
ariadna,R_2MRw1iA03TDeelC,75,0.7333333333333333,0.05106277908033804,0.43778110944527726
ariadna,R_2Pq7jlsiWHjcOp2,75,0.7333333333333333,0.05106277908033804,0.46504992867332384
ariadna,R_2TDtIroKKt9q3AJ,75,0.7333333333333333,0.05106277908033804,0.4592645998558038
ariadna,R_2dRc5tpSPd6UcIU,75,0.7333333333333333,0.05106277908033804,0.4669509594882728
ariadna,R_2o6hmXc7QQyExVP,75,0.7333333333333333,0.05106277908033804,0.4619799139167862
ariadna,R_2pmWuDDl3KAbSur,75,0.7333333333333333,0.05106277908033804,0.4665718349928876
ariadna,R_2rjHLQBVSPMCXFY,75,0.7333333333333333,0.05106277908033804,0.4665718349928875
ariadna,R_2s5qfpYGM5IMQhO,75,0.7333333333333333,0.05106277908033804,0.4604316546762589
ariadna,R_82PhpuPmmvJpxNh,75,0.7333333333333333,0.05106277908033804,0.46808510638297857
ariadna,R_86yWMtFUJYB3cPf,75,0.7333333333333333,0.05106277908033804,0.467707594038325
ariadna,R_88UNDrQyDVWM2yD,75,0.7333333333333333,0.05106277908033804,0.4673295454545453
ariadna,R_8DwCiamRz9CIeet,75,0.7333333333333333,0.05106277908033804,0.46236559139784933
ariadna,R_8ISrYcfBApPJhC7,75,0.7333333333333333,0.05106277908033804,0.4646680942184153
ariadna,R_8Ph7PDa56eltpP7,75,0.7333333333333333,0.05106277908033804,0.4592645998558038
ariadna,R_8PphYrCsc225G90,75,0.7333333333333333,0.05106277908033804,0.4501466275659822
ariadna,R_8Qyajpmg88XZXEh,75,0.7333333333333333,0.05106277908033804,0.4661921708185052
ariadna,R_8VYVIYXfWSAOllT,75,0.7333333333333333,0.05106277908033804,0.4604316546762589
ariadna,R_8ojnPqTBKUGfM6y,75,0.7333333333333333,0.05106277908033804,0.4635193133047209
ariadna,R_8q6xoxTsUB5QJwd,75,0.7333333333333333,0.05106277908033804,0.4673295454545453
ariadna,R_8v8EZpiU29XJm81,75,0.7333333333333333,0.05106277908033804,0.43820224719101114
ariadna,R_25D2DplmLP7bwLT,75,0.72,0.05184592558726288,0.43447037701974867
ariadna,R_2GZHJGLu5m5qlMe,75,0.72,0.05184592558726288,0.4389027431421446
ariadna,R_2QoerUXtqAt92Pb,75,0.72,0.05184592558726288,0.44049733570159855
ariadna,R_2SAe82zv0YePNnX,75,0.72,0.05184592558726288,0.4393022427910288
ariadna,R_2TBNk4xpBd8OXZU,75,0.72,0.05184592558726288,0.44129123802766934
ariadna,R_2eUup0U4t9YhdrS,75,0.72,0.05184592558726288,0.4364937388193202
ariadna,R_2fD4JlQq1ReJTLX,75,0.72,0.05184592558726288,0.44247787610619466
ariadna,R_2oFJWm84aDiFblT,75,0.72,0.05184592558726288,0.42996742671009763
ariadna,R_2qP8nAbh45fb9iP,75,0.72,0.05184592558726288,0.439701173959445
ariadna,R_2vZiIFhb6IPh1hj,75,0.72,0.05184592558726288,0.4444444444444444
ariadna,R_2ymXQptk1ZezyUh,75,0.72,0.05184592558726288,0.4408945686900958
ariadna,R_89ncWP9zEhl069c,75,0.72,0.05184592558726288,0.44247787610619466
ariadna,R_8Fm0sPp8ZVVDZ2X,75,0.72,0.05184592558726288,0.4408945686900958
ariadna,R_8LkDrR75iGNYKkh,75,0.72,0.05184592558726288,0.43079147090711956
ariadna,R_8PjjQeyw6p1p3IR,75,0.72,0.05184592558726288,0.42622950819672123
ariadna,R_8PqAj1tO8RBuLxn,75,0.72,0.05184592558726288,0.4085617724371009
ariadna,R_8Shme1geL6acWTn,75,0.72,0.05184592558726288,0.4517925513400627
ariadna,R_8Uc7DZJoRFzEYNj,75,0.72,0.05184592558726288,0.4393022427910288
ariadna,R_8WZC8HzuMFszseR,75,0.72,0.05184592558726288,0.440099537859936
ariadna,R_8dRZwcdFSQo8enB,75,0.72,0.05184592558726288,0.4336569579288025
ariadna,R_8eLzCT5JC4uaI7R,75,0.72,0.05184592558726288,0.3883495145631067
ariadna,R_8kdkzmk5Sq5iue9,75,0.72,0.05184592558726288,0.4385026737967914
ariadna,R_8sb9TECn1tp8tQP,75,0.72,0.05184592558726288,0.44049733570159855
ariadna,R_8uEsCqTRgphT82G,75,0.72,0.05184592558726288,0.4364937388193202
ariadna,R_2CCw67D4KX5YFnr,75,0.7066666666666667,0.052572348738208874,0.4190140845070423
ariadna,R_2D8fUKQncCb5PPw,75,0.7066666666666667,0.052572348738208874,0.4086021505376344
ariadna,R_2Eb4DpTmONcaSzq,75,0.7066666666666667,0.052572348738208874,0.41239316239316237
ariadna,R_2MtlqmTvJZLvUFI,75,0.7066666666666667,0.052572348738208874,0.40217391304347827
ariadna,R_2QKVZBZk5Elqz9J,75,0.7066666666666667,0.052572348738208874,0.41489361702127653
ariadna,R_2TphhY5YNOWWXMy,75,0.7066666666666667,0.052572348738208874,0.41696113074204944
ariadna,R_2ckhP1DzEer43W5,75,0.7066666666666667,0.052572348738208874,0.41489361702127653
ariadna,R_83mz5PxONQbuCWV,75,0.7066666666666667,0.052572348738208874,0.4128113879003558
ariadna,R_895j3yH6K4zwZRo,75,0.7066666666666667,0.052572348738208874,0.4086021505376344
ariadna,R_8IfIvXLkxIjwxSU,75,0.7066666666666667,0.052572348738208874,0.41696113074204955
ariadna,R_8LOjrv9sQ4B0U27,75,0.7066666666666667,0.052572348738208874,0.41239316239316237
ariadna,R_8Q6Cc6J0tLhizyo,75,0.7066666666666667,0.052572348738208874,0.40987124463519314
ariadna,R_8SjiJahrKz1HMjm,75,0.7066666666666667,0.052572348738208874,0.41489361702127653
ariadna,R_8VpVgwjI7LkTg6E,75,0.7066666666666667,0.052572348738208874,0.4119743406985032
ariadna,R_8g1Pz5LEyjO9avu,75,0.7066666666666667,0.052572348738208874,0.41489361702127653
ariadna,R_8gkf2mcuqITru4H,75,0.7066666666666667,0.052572348738208874,0.41113490364025695
ariadna,R_8kFgspI5e92LOb8,75,0.7066666666666667,0.052572348738208874,0.4136460554371002
ariadna,R_8pOPazTA4b17hfP,75,0.7066666666666667,0.052572348738208874,0.4144783534421576
ariadna,R_8qEA05Njop5EXwn,75,0.7066666666666667,0.052572348738208874,0.4136460554371003
ariadna,R_8w4wVy8jEewu6ST,75,0.7066666666666667,0.052572348738208874,0.40987124463519314
ariadna,R_2Hum0GmcTqPkKzH,75,0.6933333333333334,0.05324437024665578,0.3979057591623037
ariadna,R_2LaQWS8kfhthIFb,75,0.6933333333333334,0.05324437024665578,0.3859024563901745
ariadna,R_2LjaJpTrc3Jttq8,75,0.6933333333333334,0.05324437024665578,0.3859024563901745
ariadna,R_2MSvW8xdHIr7M2P,75,0.6933333333333334,0.05324437024665578,0.3765811348030358
ariadna,R_2Sjn4FKTH05fOff,75,0.6933333333333334,0.05324437024665578,0.3765811348030359
ariadna,R_2npyMEXos3wZv1v,75,0.6933333333333334,0.05324437024665578,0.3872113676731795
ariadna,R_2ozIYzvFvoQ5b0H,75,0.6933333333333334,0.05324437024665578,0.3756786102062975
ariadna,R_2tv9eyE5oPDjbmp,75,0.6933333333333334,0.05324437024665578,0.38764643237486696
ariadna,R_7EJ5snHwgr8q8cV,75,0.6933333333333334,0.05324437024665578,0.3872113676731795
ariadna,R_81G7PjzN5YwoGoP,75,0.6933333333333334,0.05324437024665578,0.3828264758497318
ariadna,R_86gT3R31cSrufVS,75,0.6933333333333334,0.05324437024665578,0.38061041292639153
ariadna,R_872lgtV1UKdDlZA,75,0.6933333333333334,0.05324437024665578,0.3863393810032018
ariadna,R_87p2b8DhQIqjBrT,75,0.6933333333333334,0.05324437024665578,0.3991640543364681
ariadna,R_8F3BSHWfeTili5S,75,0.6933333333333334,0.05324437024665578,0.3797195253505933
ariadna,R_8FIFhbShJ93dwWL,75,0.6933333333333334,0.05324437024665578,0.3863393810032018
ariadna,R_8MosbX1UThWwFxM,75,0.6933333333333334,0.05324437024665578,0.39153439153439157
ariadna,R_8Qhd6yFHU9QTlrH,75,0.6933333333333334,0.05324437024665578,0.39024390243902446
ariadna,R_8SprXchn4QZGT9B,75,0.6933333333333334,0.05324437024665578,0.3863393810032018
ariadna,R_8cfUSSeagGLfY9X,75,0.6933333333333334,0.05324437024665578,0.3837084673097536
ariadna,R_8irdO1eEpfzrvqh,75,0.6933333333333334,0.05324437024665578,0.3872113676731795
ariadna,R_8wigV6Wu6IKKt8l,75,0.6933333333333334,0.05324437024665578,0.36557557925708
ariadna,R_8yEcl73X47TDK49,75,0.6933333333333334,0.05324437024665578,0.38238453276047274
ariadna,R_21tTtfR2FOP38g3,75,0.68,0.05386402633793108,0.2957746478873241
ariadna,R_22bS1hdVCT3tZtL,75,0.68,0.05386402633793108,0.35344827586206906
ariadna,R_27PEO0DDESmYLrW,75,0.68,0.05386402633793108,0.35897435897435903
ariadna,R_2F3HpPY60bo9CFP,75,0.68,0.05386402633793108,0.35111751982696476
ariadna,R_2OCadZxJRyr6Kkv,75,0.68,0.05386402633793108,0.364406779661017
ariadna,R_2SrcDdKBoGjO4HT,75,0.68,0.05386402633793108,0.3612491128459902
ariadna,R_2V4QglgMTXrTKb6,75,0.68,0.05386402633793108,0.3576017130620986
ariadna,R_2etBDmEgBjxj5eW,75,0.68,0.05386402633793108,0.33530280649926153
ariadna,R_2kLM3hBgqBwn4ak,75,0.68,0.05386402633793108,0.36034115138592754
ariadna,R_2rOAwk2eotMonnO,75,0.68,0.05386402633793108,0.337748344370861
ariadna,R_2y1RITt66YhKnXv,75,0.68,0.05386402633793108,0.35897435897435903
ariadna,R_2zGV4atFCh2fyuZ,75,0.68,0.05386402633793108,0.3670886075949368
ariadna,R_8KqbBavY8AWla13,75,0.68,0.05386402633793108,0.35943060498220647
ariadna,R_8PobAiBYSdrkLw9,75,0.68,0.05386402633793108,0.35111751982696476
ariadna,R_8Uc6gwvbLk3Qhz4,75,0.68,0.05386402633793108,0.375
ariadna,R_8ZE68YJAPlMLxla,75,0.68,0.05386402633793108,0.3576017130620986
ariadna,R_8igsQWMjOVLKGMg,75,0.68,0.05386402633793108,0.34210526315789475
ariadna,R_8lEysZdfxLUkaLQ,75,0.68,0.05386402633793108,0.33530280649926153
ariadna,R_8pKctA6LTsMYlm9,75,0.68,0.05386402633793108,0.3670886075949369
ariadna,R_8wLxJSBvo2oC8AT,75,0.68,0.05386402633793108,0.3333333333333334
ariadna,R_8wbt3SO9u3yolSF,75,0.68,0.05386402633793108,0.35622317596566533
ariadna,R_25MXqMsPYaezVdW,75,0.6666666666666666,0.05443310539518174,0.3315508021390374
ariadna,R_2V7ASFrGrfpR3Ed,75,0.6666666666666666,0.05443310539518174,0.33862433862433855
ariadna,R_2fJociv6MPVVco5,75,0.6666666666666666,0.05443310539518174,0.3329775880469583
ariadna,R_834tyFVgHXcMDjQ,75,0.6666666666666666,0.05443310539518174,0.3390905886499823
ariadna,R_845XGBZ4NnTcDLg,75,0.6666666666666666,0.05443310539518174,0.3257820927723839
ariadna,R_84vmsZnZawMIajQ,75,0.6666666666666666,0.05443310539518174,0.33250266998932
ariadna,R_85iH6jkmSn04NlT,75,0.6666666666666666,0.05443310539518174,0.32867883995703545
ariadna,R_8JVOyN1Aq2QHaWR,75,0.6666666666666666,0.05443310539518174,0.34691745036572613
ariadna,R_8MhWqPe0l7nh3vr,75,0.6666666666666666,0.05443310539518174,0.33862433862433855
ariadna,R_8fCqxTFS4edFdfO,75,0.6666666666666666,0.05443310539518174,0.3223707986989518
ariadna,R_8pKXelrKPVIEq9z,75,0.6666666666666666,0.05443310539518174,0.33722163308589603
ariadna,R_8uS4BgarsJuJOXD,75,0.6666666666666666,0.05443310539518174,0.3315508021390374
ariadna,R_214ZwtgAOzJMNkf,75,0.6533333333333333,0.05495317872381772,0.31865828092243187
ariadna,R_215scEbPlOU1WZG,75,0.6533333333333333,0.05495317872381772,0.30801987224982263
ariadna,R_25GH9IyffaOWqOK,75,0.6533333333333333,0.05495317872381772,0.3099787685774946
ariadna,R_2S9sx8YmnesqWjk,75,0.6533333333333333,0.05495317872381772,0.30801987224982263
ariadna,R_2SvQl09LFwTeqLS,75,0.6533333333333333,0.05495317872381772,0.29653679653679654
ariadna,R_2UntbLfwudsVXIB,75,0.6533333333333333,0.05495317872381772,0.3085106382978723
ariadna,R_2hZjDO9iwMh64eW,75,0.6533333333333333,0.05495317872381772,0.3045649072753211
ariadna,R_2pEyYW8dqH38cMu,75,0.6533333333333333,0.05495317872381772,0.32432432432432434
ariadna,R_2qDx1D8vdQLYQGp,75,0.6533333333333333,0.05495317872381772,0.3060498220640569
ariadna,R_2qI1aUFh1aMuwLR,75,0.6533333333333333,0.05495317872381772,0.3128964059196618
ariadna,R_2rPVx263hAfpqZW,75,0.6533333333333333,0.05495317872381772,0.3055555555555555
ariadna,R_2vXVQq6wVANBvPj,75,0.6533333333333333,0.05495317872381772,0.27831236121391556
ariadna,R_8MRSb05YJnVO96P,75,0.6533333333333333,0.05495317872381772,0.3099787685774946
ariadna,R_8MlJAvR3Y2lb66S,75,0.6533333333333333,0.05495317872381772,0.30752840909090906
ariadna,R_8TAHblm7aCJiKNt,75,0.6533333333333333,0.05495317872381772,0.30406852248394
ariadna,R_8fB99V9IbpDoERz,75,0.6533333333333333,0.05495317872381772,0.29856115107913667
ariadna,R_23UF2O6MHqq8fdz,75,0.64,0.055425625842204077,0.27027027027027023
ariadna,R_297Q1mlfATLxXgZ,75,0.64,0.055425625842204077,0.28318584070796465
ariadna,R_2R2fncMWbgpysxi,75,0.64,0.055425625842204077,0.2749731471535984
ariadna,R_2YyLVXyD1z1wcN8,75,0.64,0.055425625842204077,0.2780748663101605
ariadna,R_2g5G4W5aVEhKZQX,75,0.64,0.055425625842204077,0.27910288358846574
ariadna,R_81dvQu40yiK770v,75,0.64,0.055425625842204077,0.281150159744409
ariadna,R_8EIBLREMkkb369P,75,0.64,0.055425625842204077,0.2765273311897107
ariadna,R_8KVgtTINi6aWZiN,75,0.64,0.055425625842204077,0.26229508196721313
ariadna,R_8Ke7ZlprfboeHiX,75,0.64,0.055425625842204077,0.2765273311897107
ariadna,R_8fveuXSsOxEktJC,75,0.64,0.055425625842204077,0.27549194991055465
ariadna,R_8pMxGZ5q2ITHoGZ,75,0.64,0.055425625842204077,0.27858924118275746
ariadna,R_8ylsNyIS4xdfS3U,75,0.64,0.055425625842204077,0.28318584070796465
ariadna,R_27UAVXoS8YWztp7,75,0.6266666666666667,0.05585165536855114,0.2616033755274262
ariadna,R_2DcHS2dDysQHojL,75,0.6266666666666667,0.05585165536855114,0.2537313432835821
ariadna,R_2Eb8Z9UAcKGLjRc,75,0.6266666666666667,0.05585165536855114,0.26880222841225637
ariadna,R_2cpeHlSTWFcASMi,75,0.6266666666666667,0.05585165536855114,0.2579505300353358
ariadna,R_2gj9MGtWhvZzXmd,75,0.6266666666666667,0.05585165536855114,0.2579505300353358
ariadna,R_2hACoS1eW7Lp0Dz,75,0.6266666666666667,0.05585165536855114,0.2467718794835008
ariadna,R_2kMnZ86VkebZHqh,75,0.6266666666666667,0.05585165536855114,0.26315789473684226
ariadna,R_2nsZ5hEjqmMiXwR,75,0.6266666666666667,0.05585165536855114,0.2489270386266095
ariadna,R_2soVXZbllNqNHnk,75,0.6266666666666667,0.05585165536855114,0.2537313432835822
ariadna,R_83Vu03bAK5l91us,75,0.6266666666666667,0.05585165536855114,0.2579505300353357
ariadna,R_86wrRidcVwF6ffj,75,0.6266666666666667,0.05585165536855114,0.2532005689900429
ariadna,R_89mMAw2S4Oc18Sk,75,0.6266666666666667,0.05585165536855114,0.26315789473684226
ariadna,R_8CdPkn3DyC1kzPG,75,0.6266666666666667,0.05585165536855114,0.2579505300353358
ariadna,R_8D78pYUz6Npm1ze,75,0.6266666666666667,0.05585165536855114,0.23020527859237536
ariadna,R_8FLOqny1rfo6047,75,0.6266666666666667,0.05585165536855114,0.25690021231422505
ariadna,R_8N9wCCDcOnFw7Od,75,0.6266666666666667,0.05585165536855114,0.2579505300353358
ariadna,R_8riGEUf426Wemx6,75,0.6266666666666667,0.05585165536855114,0.23076923076923095
ariadna,R_8rp6FhZtOwD55Fr,75,0.6266666666666667,0.05585165536855114,0.2605633802816903
ariadna,R_8suDbh28Bm0BOMx,75,0.6266666666666667,0.05585165536855114,0.25000000000000006
ariadna,R_8wLlFl976grgOME,75,0.6266666666666667,0.05585165536855114,0.25690021231422505
ariadna,R_8zBhmHkvGuMJypz,75,0.6266666666666667,0.05585165536855114,0.2324561403508772
ariadna,R_2Cvc4mJjm8oWvKd,75,0.6133333333333333,0.05623232232510119,0.22625400213447167
ariadna,R_2qvLBECjUENCcAS,75,0.6133333333333333,0.05623232232510119,0.2376445846477391
ariadna,R_2uCyawYLBzaXpoR,75,0.6133333333333333,0.05623232232510119,0.221824686940966
ariadna,R_82LvlomsR7GIsxd,75,0.6133333333333333,0.05623232232510119,0.2273534635879218
ariadna,R_89JnDnlLqBHlnZ7,75,0.6133333333333333,0.05623232232510119,0.21790722761596532
ariadna,R_8Cm2KGgqfamDfnw,75,0.6133333333333333,0.05623232232510119,0.22680412371134015
ariadna,R_8E4NrWBGIYCX20Q,75,0.6133333333333333,0.05623232232510119,0.22625400213447167
ariadna,R_8KwpBu6DdJ9vqAh,75,0.6133333333333333,0.05623232232510119,0.22790202342917992
ariadna,R_8M6d2Fz5lo6lI0A,75,0.6133333333333333,0.05623232232510119,0.2381786339754815
ariadna,R_8WG7Qv8D4vvbgmt,75,0.6133333333333333,0.05623232232510119,0.2212674543501611
ariadna,R_8YLNPXAya7YfUwv,75,0.6133333333333333,0.05623232232510119,0.23117709437963938
ariadna,R_8cdrsS2zzvgWA3f,75,0.6133333333333333,0.05623232232510119,0.2076502732240436
ariadna,R_8kSsFyvMokEcSVL,75,0.6133333333333333,0.05623232232510119,0.2408376963350784
ariadna,R_8rCYhoNDEYBu8CZ,75,0.6133333333333333,0.05623232232510119,0.23710978603998586
ariadna,R_8tyi6YVrXDIO56Y,75,0.6133333333333333,0.05623232232510119,0.21790722761596532
ariadna,R_2Puivgesmm5ySqM,75,0.6,0.0565685424949238,0.20212765957446804
ariadna,R_2V1qolmxiFqZ0Ad,75,0.6,0.0565685424949238,0.2004264392324093
ariadna,R_2ZEvrqyjmJtaV3g,75,0.6,0.0565685424949238,0.18889689978370583
ariadna,R_2dvYpDNLCcPwiHL,75,0.6,0.0565685424949238,0.18241279069767444
ariadna,R_2wTCb5fnyqf5z0n,75,0.6,0.0565685424949238,0.19354838709677413
ariadna,R_87p3ysRHQE49hwY,75,0.6,0.0565685424949238,0.2004264392324093
ariadna,R_8DSHPbOSrpBtMxj,75,0.6,0.0565685424949238,0.202127659574468
ariadna,R_8e5jFvhVAFiHnDB,75,0.6,0.0565685424949238,0.1758241758241757
ariadna,R_8jB7asjQ2OyjGpj,75,0.6,0.0565685424949238,0.19354838709677413
ariadna,R_8rJ88YpTETKYiCn,75,0.6,0.0565685424949238,0.2015613910574876
ariadna,R_23euSBBb7XRLXIW,75,0.5866666666666667,0.056861104326113694,0.16815742397137753
ariadna,R_2E6WAmw7Lqozlhw,75,0.5866666666666667,0.056861104326113694,0.18335089567966278
ariadna,R_2PhYtI6fedSSZ0D,75,0.5866666666666667,0.056861104326113694,0.1798941798941799
ariadna,R_2ipikmXINNSovKN,75,0.5866666666666667,0.056861104326113694,0.19017763845350047
ariadna,R_2jP6CrTY7a1DYx6,75,0.5866666666666667,0.056861104326113694,0.19017763845350047
ariadna,R_2ruHIXSt8emF7Gb,75,0.5866666666666667,0.056861104326113694,0.16756176154672403
ariadna,R_8GfEQn9EsrAKojR,75,0.5866666666666667,0.056861104326113694,0.1752394466122739
ariadna,R_8k4xHbetOXTViBb,75,0.5866666666666667,0.056861104326113694,0.17465388711395105
ariadna,R_8kps8OY6o5IEoXl,75,0.5866666666666667,0.056861104326113694,0.15546676353069377
ariadna,R_8r38t7o2xpGXkff,75,0.5866666666666667,0.056861104326113694,0.1517694272163444
ariadna,R_2JftHXX9h8xiDUP,75,0.5733333333333334,0.05711067877052092,0.15194346289752658
ariadna,R_2QAI9b1jPkC6WhJ,75,0.5733333333333334,0.05711067877052092,0.12854030501089336
ariadna,R_2QRF34XrxMTiv13,75,0.5733333333333334,0.05711067877052092,0.15433403805496843
ariadna,R_85Umy7HfHTapCw1,75,0.5733333333333334,0.05711067877052092,0.15194346289752647
ariadna,R_8CBZ5eZOCF2Geuk,75,0.5733333333333334,0.05711067877052092,0.15611814345991565
ariadna,R_8FDMccCtKSliyxO,75,0.5733333333333334,0.05711067877052092,0.14163090128755368
ariadna,R_8dE8yOVcIxTLAro,75,0.5733333333333334,0.05711067877052092,0.14590747330960854
ariadna,R_8fJ2dAzAzh2Fgi7,75,0.5733333333333334,0.05711067877052092,0.15611814345991565
ariadna,R_22PnxIdsghkJxBX,75,0.56,0.0573178273605458,0.11764705882352958
ariadna,R_2HGQ9MBORLc71ZL,75,0.56,0.0573178273605458,0.11764705882352958
ariadna,R_2fTCuXjy8cwIckk,75,0.56,0.0573178273605458,0.1269841269841271
ariadna,R_2jJl9dvzQXrbsI1,75,0.56,0.0573178273605458,0.12513255567338294
ariadna,R_2phUyW8bfmqUby8,75,0.56,0.0573178273605458,0.12327311370882053
ariadna,R_8EWrpBhFH0On9H6,75,0.56,0.0573178273605458,0.09240924092409233
ariadna,R_8F4JgQzwtHQ6K07,75,0.56,0.0573178273605458,0.10552945428261659
ariadna,R_8KtwVFRCwCDaRup,75,0.56,0.0573178273605458,0.1144901610017891
ariadna,R_8XX08pxtxyN7Xyh,75,0.56,0.0573178273605458,0.11827573922337031
ariadna,R_8gnhUN6r6cQydLe,75,0.56,0.0573178273605458,0.12015641663704246
ariadna,R_8n18BzveI0sgsWk,75,0.56,0.0573178273605458,0.12078152753108364
ariadna,R_8nOT4riczo94xk2,75,0.56,0.0573178273605458,0.11953041622198522
ariadna,R_8r2oko68tk17oVQ,75,0.56,0.0573178273605458,0.10423452768729648
ariadna,R_8rZRp24uG3GI8iS,75,0.56,0.0573178273605458,0.12327311370882053
ariadna,R_8wvhr7EUYh61sr1,75,0.56,0.0573178273605458,0.1144901610017891
ariadna,R_2NCI3NxHH0e5O1B,75,0.5466666666666666,0.05748300876168797,0.08928571428571419
ariadna,R_2hyZAb6QRHTcB2i,75,0.5466666666666666,0.05748300876168797,0.09510290986515257
ariadna,R_2ikg2VQ7zaPSCNR,75,0.5466666666666666,0.05748300876168797,0.09446022727272724
ariadna,R_8O6QePzIycvRFkS,75,0.5466666666666666,0.05748300876168797,0.09252669039145896
ariadna,R_8PtGzYKIVIP2Pui,75,0.5466666666666666,0.05748300876168797,0.08993576017130611
ariadna,R_8fdOWU5K1xkGS9t,75,0.5466666666666666,0.05748300876168797,0.09893992932862188
ariadna,R_21Es8HcZMvd0Mwy,75,0.5333333333333333,0.05760658398584764,0.05405405405405396
ariadna,R_27D6a6ggIL2i8Iu,75,0.5333333333333333,0.05760658398584764,0.0938902312737314
ariadna,R_2LHSHJgx99JmFfl,75,0.5333333333333333,0.05760658398584764,0.07927043142756934
ariadna,R_2QEoSl66JtYDDqY,75,0.5333333333333333,0.05760658398584764,0.06815761448349311
ariadna,R_2R55zrOHn2DDJ2F,75,0.5333333333333333,0.05760658398584764,0.07079646017699116
ariadna,R_2fAT0UuP5vrYV45,75,0.5333333333333333,0.05760658398584764,0.07211028632025451
ariadna,R_2kOkLUv7RofClCz,75,0.5333333333333333,0.05760658398584764,0.06616862326574177
ariadna,R_2lX5ApM7AurxNBG,75,0.5333333333333333,0.05760658398584764,0.06683256309989338
ariadna,R_2pmP3OuQVTqTvBD,75,0.5333333333333333,0.05760658398584764,0.049945711183496125
ariadna,R_8ANnMa5W9VQzPA4,75,0.5333333333333333,0.05760658398584764,0.07407407407407407
ariadna,R_8AvCuS17edSngdz,75,0.5333333333333333,0.05760658398584764,0.060150375939849704
ariadna,R_8eMf52UIskYSbbH,75,0.5333333333333333,0.05760658398584764,0.041621029572836775
ariadna,R_8oXhHj6iubLvbuD,75,0.5333333333333333,0.05760658398584764,0.09326424870466328
ariadna,R_8zyzO7rw8aW68tX,75,0.5333333333333333,0.05760658398584764,0.08822507815213626
ariadna,R_265azWuEu2KDFlK,75,0.52,0.057688820407423826,0.06444906444906459
ariadna,R_2FPzl7KWKWfBnOD,75,0.52,0.057688820407423826,0.03846153846153845
ariadna,R_2ePbpFpH0NZeKUH,75,0.52,0.057688820407423826,0.03982930298719771
ariadna,R_2sTOqlPF7QygHY2,75,0.52,0.057688820407423826,0.03571428571428572
ariadna,R_2xWrJgMckUn7J8d,75,0.52,0.057688820407423826,0.037776193870277974
ariadna,R_8GM8VJLbYhmJQ9X,75,0.52,0.057688820407423826,0.04119318181818189
ariadna,R_8hisNvPOlAR8C7h,75,0.52,0.057688820407423826,0.039145907473309594
ariadna,R_8kLJd7hMHfpA5TX,75,0.52,0.057688820407423826,0.013157894736842026
ariadna,R_269ybJHzYODjVeN,75,0.5066666666666667,0.05772989468846051,0.01700318809776845
ariadna,R_2gj82wyeU8tKiji,75,0.5066666666666667,0.05772989468846051,0.01700318809776845
ariadna,R_8oFgkHJQZrBqP1D,75,0.5066666666666667,0.05772989468846051,0.012806830309498543
ariadna,R_2i24Tt1tYHZLp73,75,0.49333333333333335,0.05772989468846051,-0.0035211267605633587
ariadna,R_2m8K6Byt6kGXDGb,75,0.49333333333333335,0.05772989468846051,-0.043956043956044036
ariadna,R_83w3x69pbaJXvBD,75,0.49333333333333335,0.05772989468846051,1.0956148269327202e-16
ariadna,R_8LpWZYOvXqrJcOA,75,0.49333333333333335,0.05772989468846051,-0.010638297872340472
ariadna,R_8LzCskQXFmcLJuk,75,0.49333333333333335,0.05772989468846051,-0.03260869565217383
ariadna,R_8nGEcyjVF930NqX,75,0.49333333333333335,0.05772989468846051,-0.006355932203389903
ariadna,R_2aYaQiLWVLHpTaU,75,0.48,0.057688820407423826,-0.036131774707757705
ariadna,R_2erwV41EhxJCmdv,75,0.48,0.057688820407423826,-0.0412958348166607
ariadna,R_2xKwgaJXKhZllqE,75,0.48,0.057688820407423826,-0.03833865814696484
ariadna,R_8JjmaOkHQXRWz5L,75,0.48,0.057688820407423826,-0.04278074866310157
ariadna,R_8VBG8PRj09cQNu9,75,0.48,0.057688820407423826,-0.0346657233816767
ariadna,R_8ISGYKvrHyBYT17,75,0.4666666666666667,0.05760658398584764,-0.0660980810234542
ariadna,R_8PIgKyy5YTy4KNm,75,0.4666666666666667,0.05760658398584764,-0.0660980810234542
ariadna,R_8iqY92O3nPpZIT4,75,0.4666666666666667,0.05760658398584764,-0.0660980810234542
ariadna,R_8jeE1EaV9w03VFn,75,0.4666666666666667,0.05760658398584764,-0.07066381156316918
ariadna,R_2kzv6by5DC6skjo,75,0.4533333333333333,0.05748300876168797,-0.12185333819773811
ariadna,R_8qvEAOFlXTyK99s,75,0.4533333333333333,0.05748300876168797,-0.13093048915042296
ariadna,R_2Wx7O9gEyANgOyj,75,0.44,0.05731782736054581,-0.12984218077474893
ariadna,R_2l0VTJKAWtjFGO5,75,0.44,0.05731782736054581,-0.1330935251798561
ariadna,R_81nQVBE4mTGAiSa,75,0.44,0.05731782736054581,-0.1146496815286625
ariadna,R_89BfoEdwSJA9ndT,75,0.44,0.05731782736054581,-0.1146496815286625
ariadna,R_8IzsZxw75crKlFn,75,0.44,0.05731782736054581,-0.1330935251798561
ariadna,R_8kuM6JNKQQccOym,75,0.44,0.05731782736054581,-0.1146496815286625
ariadna,R_21Fy8NcMiqUuPO0,75,0.4266666666666667,0.05711067877052092,-0.15219721329046074
ariadna,R_23sRVpHGK3XXo0V,75,0.4266666666666667,0.05711067877052092,-0.14564831261101233
ariadna,R_87jz4mJUxvdx2i5,75,0.4266666666666667,0.05711067877052092,-0.14483493077742268
ariadna,R_8PctlEihl9W8O2F,75,0.4266666666666667,0.05711067877052092,-0.14159292035398222
ariadna,R_8HFDYREGZmVjGcY,75,0.41333333333333333,0.056861104326113694,-0.1619718309859154
ariadna,R_2wc2eUj0wYAOAjI,75,0.4,0.0565685424949238,-0.21184919210053868
ariadna,R_8mOUdylVSTbyL02,75,0.4,0.0565685424949238,-0.2023512646954042
ariadna,R_2Lj6lWJIO3W7xiu,75,0.38666666666666666,0.05623232232510119,-0.24369142033165103
ariadna,R_2LwFU6D3KgF5jnv,75,0.37333333333333335,0.05585165536855115,-0.2513312034078806
ariadna,R_8iqvAGHHlMrWYSb,75,0.3466666666666667,0.05495317872381772,-0.30643441166014923
sona,R_2gdwEszE40xqAYV,60,1.0,0.0,1.0
sona,R_88HfvEakIR2tJPq,60,1.0,0.0,1.0
sona,R_24f7ZHQwT2kAHxH,60,0.9833333333333333,0.016527194200715044,0.9659090909090908
sona,R_2Rkr5lm9pV8Niff,60,0.9833333333333333,0.016527194200715044,0.9666666666666666
sona,R_2VD3AwkNTz43mn8,60,0.9833333333333333,0.016527194200715044,0.9666666666666666
sona,R_2jexmBEtfynGV2m,60,0.9833333333333333,0.016527194200715044,0.9666666666666666
sona,R_8CC0I2MyJjddKzn,60,0.9833333333333333,0.016527194200715044,0.9665924276169264
sona,R_8DMBe9kJNfMMUL5,60,0.9833333333333333,0.016527194200715044,0.9650349650349649
sona,R_8l3LNO6DqJ49Ysb,60,0.9833333333333333,0.016527194200715044,0.9666666666666666
sona,R_8pYBAIZDPfWjeKS,60,0.9833333333333333,0.016527194200715044,0.9655172413793103
sona,R_8qU2Vu7wFG6syFR,60,0.9833333333333333,0.016527194200715044,0.9666666666666666
sona,R_8qxJkD6tscXj0Jt,60,0.9833333333333333,0.016527194200715044,0.9655172413793103
sona,R_217mEwshu1DoGcs,60,0.9666666666666667,0.023174059571793564,0.9334073251942286
sona,R_22W8LXO5dsjs7I0,60,0.9666666666666667,0.023174059571793564,0.9326599326599326
sona,R_2PpMA8UKD9Ng8DU,60,0.9666666666666667,0.023174059571793564,0.9332591768631814
sona,R_2YPqIyI1gtpJYHL,60,0.9666666666666667,0.023174059571793564,0.9333333333333333
sona,R_2p0GIlNCyu7KmXL,60,0.9666666666666667,0.023174059571793564,0.9322033898305085
sona,R_2rSOwMvrDKxgjeF,60,0.9666666666666667,0.023174059571793564,0.9333333333333333
sona,R_2uIJsCCpIu6Azmy,60,0.9666666666666667,0.023174059571793564,0.9321266968325792
sona,R_8ECFDYR9v7l96RX,60,0.9666666666666667,0.023174059571793564,0.9314285714285714
sona,R_8I1N0EoYUnL2Agx,60,0.9666666666666667,0.023174059571793564,0.9332591768631814
sona,R_8J2j3hDUhyvMqog,60,0.9666666666666667,0.023174059571793564,0.9333333333333333
sona,R_8KGtC5fMSiY7EIY,60,0.9666666666666667,0.023174059571793564,0.9331103678929766
sona,R_8M9xgaJ1c9mD0uS,60,0.9666666666666667,0.023174059571793564,0.9327354260089686
sona,R_8h4sOzk2eaMpQdw,60,0.9666666666666667,0.023174059571793564,0.9330357142857143
sona,R_8nwNhlXKUCeReIC,60,0.9666666666666667,0.023174059571793564,0.9315068493150686
sona,R_8oKZ2b1RsAn6Dbb,60,0.9666666666666667,0.023174059571793564,0.9332591768631814
sona,R_8otqa07CbenDlsW,60,0.9666666666666667,0.023174059571793564,0.9331103678929766
sona,R_2DjbswksOLb8bZg,60,0.95,0.0281365716935569,0.8997772828507794
sona,R_2HRuqdiepTq4aat,60,0.95,0.0281365716935569,0.8993288590604026
sona,R_2llqgUIrMxS3fYP,60,0.95,0.0281365716935569,0.8965517241379309
sona,R_8FLNRl8BkMLdDpT,60,0.95,0.0281365716935569,0.8965517241379309
sona,R_8ewwHNj6iCIU0vY,60,0.95,0.0281365716935569,0.8965517241379309
sona,R_8fZZpX8xhFeOoOB,60,0.95,0.0281365716935569,0.8999999999999999
sona,R_8halVuPP7U9dGAW,60,0.95,0.0281365716935569,0.8993288590604026
sona,R_8kEclkm2xqNcZEZ,60,0.95,0.0281365716935569,0.8986486486486486
sona,R_27x05xqmcOR3seK,60,0.9333333333333333,0.032203059435976525,0.8665183537263627
sona,R_2MXNfqOmH1nnHql,60,0.9333333333333333,0.032203059435976525,0.8666666666666667
sona,R_2SeEZMFuKIshGMh,60,0.9333333333333333,0.032203059435976525,0.8672566371681416
sona,R_2jqW8a2q3fPiWG2,60,0.9333333333333333,0.032203059435976525,0.8662207357859532
sona,R_2papSbrDzPlC3RE,60,0.9333333333333333,0.032203059435976525,0.8665183537263627
sona,R_2tGaeB0Rw0AKgzp,60,0.9333333333333333,0.032203059435976525,0.8666666666666667
sona,R_8901bjZCmuVABnv,60,0.9333333333333333,0.032203059435976525,0.8654708520179373
sona,R_8HpDlFaj5KpJHWh,60,0.9333333333333333,0.032203059435976525,0.8612716763005781
sona,R_8VNr21A1RJGWldD,60,0.9333333333333333,0.032203059435976525,0.8648648648648649
sona,R_8XfEQfIjUQUVrPj,60,0.9333333333333333,0.032203059435976525,0.8617511520737328
sona,R_8YaZJauHTpJONSc,60,0.9333333333333333,0.032203059435976525,0.8642533936651584
sona,R_8kH3CHx9GAYW4bq,60,0.9333333333333333,0.032203059435976525,0.8612716763005781
sona,R_8mPZ0BrRbr3SX9n,60,0.9333333333333333,0.032203059435976525,0.8659217877094972
sona,R_8nCt30i4EXVP6Sc,60,0.9333333333333333,0.032203059435976525,0.8628571428571429
sona,R_8z6Yum5AlPCFZ4u,60,0.9333333333333333,0.032203059435976525,0.863013698630137
sona,R_2LLqlyKmBrcR56D,60,0.9166666666666666,0.035681201607403144,0.8295454545454545
sona,R_2LiLxVDUUx1BDxL,60,0.9166666666666666,0.035681201607403144,0.8314606741573033
sona,R_2VGYCleRnioFIUp,60,0.9166666666666666,0.035681201607403144,0.8344370860927152
sona,R_2sdafmNK2rw0mjW,60,0.9166666666666666,0.035681201607403144,0.8226950354609929
sona,R_2soF0hJ87ULrfKZ,60,0.9166666666666666,0.035681201607403144,0.8333333333333333
sona,R_80irPMbQXGJidmt,60,0.9166666666666666,0.035681201607403144,0.8329621380846325
sona,R_822DTwmZQwoDR4b,60,0.9166666666666666,0.035681201607403144,0.8333333333333333
sona,R_83wH2oC4E2yZkNK,60,0.9166666666666666,0.035681201607403144,0.832214765100671
sona,R_8CKgKR9Dmx8H0AW,60,0.9166666666666666,0.035681201607403144,0.8295454545454545
sona,R_8N2XpXRYHo9wgVP,60,0.9166666666666666,0.035681201607403144,0.8329621380846325
sona,R_8PZOcw2f7p1o1Z2,60,0.9166666666666666,0.035681201607403144,0.831081081081081
sona,R_8akmneFUUjSHBaN,60,0.9166666666666666,0.035681201607403144,0.832214765100671
sona,R_8frAmrxtGKUzJG9,60,0.9166666666666666,0.035681201607403144,0.8333333333333333
sona,R_8mRguUkUm5DCNF7,60,0.9166666666666666,0.035681201607403144,0.8333333333333333
sona,R_8yPXPdT417alx73,60,0.9166666666666666,0.035681201607403144,0.8329621380846325
sona,R_20bK7JJYFFySo6X,60,0.9,0.03872983346207417,0.7963800904977376
sona,R_2ERpvbmNDuFaAzn,60,0.9,0.03872983346207417,0.7966101694915255
sona,R_2Pg7VIYdnuOtQ4h,60,0.9,0.03872983346207417,0.799777530589544
sona,R_2gjRgEQDJfmNhHH,60,0.9,0.03872983346207417,0.797979797979798
sona,R_2xdf3IJbox6YZIl,60,0.9,0.03872983346207417,0.7991071428571429
sona,R_562t5pC73tdJ0g1,60,0.9,0.03872983346207417,0.7991071428571429
sona,R_81ikc1ZMamjYnay,60,0.9,0.03872983346207417,0.8008849557522124
sona,R_8BkX6N8ubtON5OP,60,0.9,0.03872983346207417,0.8
sona,R_8Br1hjpdm3wBYIz,60,0.9,0.03872983346207417,0.7988826815642459
sona,R_8GZJlHVMv1fE4pw,60,0.9,0.03872983346207417,0.7966101694915255
sona,R_8VX9QDw2kl7FF5L,60,0.9,0.03872983346207417,0.7993311036789298
sona,R_8ZE3E9hd0NFUtwJ,60,0.9,0.03872983346207417,0.8
sona,R_8bwpDM6rgvTJtTz,60,0.9,0.03872983346207417,0.799777530589544
sona,R_8wzwCv6o850dj4x,60,0.9,0.03872983346207417,0.8
sona,R_8zIyCHPQlOFtMfp,60,0.9,0.03872983346207417,0.8
sona,R_2KNGvEcyRCoh4fq,60,0.8833333333333333,0.04144384867012948,0.7640449438202247
sona,R_2YaLgr8cVfa2tJH,60,0.8833333333333333,0.04144384867012948,0.7676991150442477
sona,R_2eiqW3R9Qq0vkVH,60,0.8833333333333333,0.04144384867012948,0.7671840354767183
sona,R_2etmJyV8IpjTarO,60,0.8833333333333333,0.04144384867012948,0.7635135135135135
sona,R_2hQpD8Qkhs4cQdG,60,0.8833333333333333,0.04144384867012948,0.7661469933184855
sona,R_2mesX3VUtmPecpx,60,0.8833333333333333,0.04144384867012948,0.7671840354767184
sona,R_2nZIRvb5G2mdDy1,60,0.8833333333333333,0.04144384867012948,0.7666666666666666
sona,R_2w7DgaIfruupzTr,60,0.8833333333333333,0.04144384867012948,0.7586206896551724
sona,R_814j24CnwNOgJMZ,60,0.8833333333333333,0.04144384867012948,0.7661469933184855
sona,R_84ttpQ6yWFuQ0wN,60,0.8833333333333333,0.04144384867012948,0.7666666666666666
sona,R_8IsA90Bd2dtc6BZ,60,0.8833333333333333,0.04144384867012948,0.7619047619047619
sona,R_8MTOfMyHFffFC1P,60,0.8833333333333333,0.04144384867012948,0.7651006711409396
sona,R_8Z17QUmts1Ye7El,60,0.8833333333333333,0.04144384867012948,0.7661469933184855
sona,R_8aBU9cu020D8KK5,60,0.8833333333333333,0.04144384867012948,0.7661469933184855
sona,R_8g7PhBnbN2Logyg,60,0.8833333333333333,0.04144384867012948,0.7682119205298013
sona,R_8ngOImNR3GkBfOx,60,0.8833333333333333,0.04144384867012948,0.7671840354767184
sona,R_8rP6JJOnzrzdhL6,60,0.8833333333333333,0.04144384867012948,0.7676991150442477
sona,R_8wEwP2WcgoAv6B7,60,0.8833333333333333,0.04144384867012948,0.7635135135135135
sona,R_8x9uBktrOYYP8s1,60,0.8833333333333333,0.04144384867012948,0.7661469933184855
sona,R_8z61U5b5XAbMjwm,60,0.8833333333333333,0.04144384867012948,0.7666666666666666
sona,R_29agfJe1C4E8JHj,60,0.8666666666666667,0.04388537257362555,0.7345132743362832
sona,R_2LbLoolDloS8xhf,60,0.8666666666666667,0.04388537257362555,0.73568281938326
sona,R_2ZKMPAC4qIXurNp,60,0.8666666666666667,0.04388537257362555,0.7330367074527253
sona,R_2c5ARRhNbCEWnIg,60,0.8666666666666667,0.04388537257362555,0.706959706959707
sona,R_2kbtDarfipHWn61,60,0.8666666666666667,0.04388537257362555,0.7330367074527253
sona,R_2n72VWpZhtF74Yz,60,0.8666666666666667,0.04388537257362555,0.7333333333333334
sona,R_8M2KWoSC3AfTa3T,60,0.8666666666666667,0.04388537257362555,0.7318435754189945
sona,R_8TObtt8XDpjE9lY,60,0.8666666666666667,0.04388537257362555,0.7342192691029901
sona,R_8WO28Tx2xvUGX56,60,0.8666666666666667,0.04388537257362555,0.7333333333333334
sona,R_25L9ZbMIx5XOiHs,60,0.85,0.046097722286464436,0.6959459459459458
sona,R_2J2iX9Jxo6msXLG,60,0.85,0.046097722286464436,0.7
sona,R_2arRGLWci5s7i9Q,60,0.85,0.046097722286464436,0.6993318485523385
sona,R_2eKtTEpmKnrx7Xa,60,0.85,0.046097722286464436,0.686046511627907
sona,R_2lJ5kP0DdIuQM5r,60,0.85,0.046097722286464436,0.7013274336283185
sona,R_2wMoyUloPtz16k4,60,0.85,0.046097722286464436,0.7
sona,R_820hF2hOxnzoe6z,60,0.85,0.046097722286464436,0.7
sona,R_8C1uNUvwkOvFCHk,60,0.85,0.046097722286464436,0.696629213483146
sona,R_8OIUoEHQVpeJarY,60,0.85,0.046097722286464436,0.7006651884700665
sona,R_8QYtvP2BpLei1KV,60,0.85,0.046097722286464436,0.6959459459459458
sona,R_2MDV0wS9xAX8t1I,60,0.8333333333333334,0.04811252243246881,0.6666666666666667
sona,R_2MKYEZm0605CsUf,60,0.8333333333333334,0.04811252243246881,0.6651785714285715
sona,R_2dTnLsnLxswgoX3,60,0.8333333333333334,0.04811252243246881,0.6677740863787375
sona,R_2dz01s8RyTLWEff,60,0.8333333333333334,0.04811252243246881,0.6670366259711432
sona,R_2mlS6SvrF7V5mRo,60,0.8333333333333334,0.04811252243246881,0.6666666666666667
sona,R_87U50GMKvwBI0Rb,60,0.8333333333333334,0.04811252243246881,0.6531791907514451
sona,R_8QMJsjH7gaLMCfw,60,0.8333333333333334,0.04811252243246881,0.6666666666666667
sona,R_8Ztk6XNL1c9hQyZ,60,0.8333333333333334,0.04811252243246881,0.6666666666666667
sona,R_8dQ1czkOAue0Ur7,60,0.8333333333333334,0.04811252243246881,0.6666666666666667
sona,R_8iQOYEGZPgaGFgf,60,0.8333333333333334,0.04811252243246881,0.668141592920354
sona,R_8wwZfmpJh6gboHv,60,0.8333333333333334,0.04811252243246881,0.6670366259711432
sona,R_8yGuRLyhrfrdkU9,60,0.8333333333333334,0.04811252243246881,0.6666666666666667
sona,R_2FEeIHBeIdEPRhH,60,0.8166666666666667,0.04995368225036439,0.6316964285714285
sona,R_2OTdexRZJAjNRSh,60,0.8166666666666667,0.04995368225036439,0.6357615894039734
sona,R_2QDPekJENo8qBy8,60,0.8166666666666667,0.04995368225036439,0.6283783783783783
sona,R_2fP0SsooV0znIro,60,0.8166666666666667,0.04995368225036439,0.6333333333333333
sona,R_2o6W8lpGIDrXx2q,60,0.8166666666666667,0.04995368225036439,0.6215596330275229
sona,R_2qPSKNjrbzVIMHH,60,0.8166666666666667,0.04995368225036439,0.6325167037861915
sona,R_8ewOII4xGm9bHpX,60,0.8166666666666667,0.04995368225036439,0.6373626373626373
sona,R_22E6TXAVLBDn6BH,60,0.8,0.05163977794943222,0.6000000000000001
sona,R_2C3ofpkjNp6Zjso,60,0.8,0.05163977794943222,0.6000000000000001
sona,R_2Q0dGUAqZVluv4T,60,0.8,0.05163977794943222,0.6000000000000001
sona,R_2Qd40IhrslLElDX,60,0.8,0.05163977794943222,0.5968645016797313
sona,R_2dQ7PRahibPCwy9,60,0.8,0.05163977794943222,0.6004439511653719
sona,R_2qdTvjNEfab2cKi,60,0.8,0.05163977794943222,0.5927601809954752
sona,R_2rBB242xU1IKXVD,60,0.8,0.05163977794943222,0.6000000000000001
sona,R_2xyNffEebbPWcHT,60,0.8,0.05163977794943222,0.5964125560538117
sona,R_8C8AmE30zrluKnp,60,0.8,0.05163977794943222,0.5959595959595959
sona,R_8OJPPFarsdQ4uot,60,0.8,0.05163977794943222,0.5932203389830509
sona,R_8lQTlYUSNSlipGh,60,0.8,0.05163977794943222,0.5959595959595959
sona,R_21jjZL9PXJhBJiw,60,0.7833333333333333,0.0531855591650939,0.5578231292517006
sona,R_2BVhJ01f6xwwlqU,60,0.7833333333333333,0.0531855591650939,0.5676274944567627
sona,R_2JmzDvo2jcmDU9V,60,0.7833333333333333,0.0531855591650939,0.5637583892617449
sona,R_2OifcPaRwNVFvPj,60,0.7833333333333333,0.0531855591650939,0.548611111111111
sona,R_2fPfNU5G7OmK7Wn,60,0.7833333333333333,0.0531855591650939,0.5608108108108107
sona,R_2fiNQCzQ3W0soMV,60,0.7833333333333333,0.0531855591650939,0.5666666666666667
sona,R_2pSG6CEeiiG7oTQ,60,0.7833333333333333,0.0531855591650939,0.5647321428571428
sona,R_8CUN9iDccD9cuiV,60,0.7833333333333333,0.0531855591650939,0.5390070921985816
sona,R_8f0BsSrDaruloE9,60,0.7833333333333333,0.0531855591650939,0.5685840707964602
sona,R_21gBsGDkegba4Nz,60,0.7666666666666667,0.054602943890247176,0.522184300341297
sona,R_2wnPTCaJdHyzMXJ,60,0.7666666666666667,0.054602943890247176,0.5161290322580646
sona,R_81dN0ZyH1lCniSV,60,0.7666666666666667,0.054602943890247176,0.5333333333333334
sona,R_8B8UY0sNTNHd7wN,60,0.7666666666666667,0.054602943890247176,0.5312500000000001
sona,R_8pEwGHwxiG6oci5,60,0.7666666666666667,0.054602943890247176,0.5270270270270271
sona,R_2D6Ue4v0nQ9FAYE,60,0.75,0.05590169943749474,0.5
sona,R_2kOeOUl9U8pZkdG,60,0.75,0.05590169943749474,0.47058823529411764
sona,R_2pWyiGTtOFmM3GH,60,0.75,0.05590169943749474,0.48394495412844035
sona,R_8KBl4N9LEupuQmd,60,0.75,0.05590169943749474,0.4897959183673469
sona,R_8P4UBE1iFvgdNej,60,0.75,0.05590169943749474,0.48275862068965514
sona,R_8QgW6dERARzJOvV,60,0.75,0.05590169943749474,0.4932432432432432
sona,R_8wLErHAv9qykBWf,60,0.75,0.05590169943749474,0.5
sona,R_2S7UpXqKsWpMPDt,60,0.7333333333333333,0.057089922571845024,0.45762711864406774
sona,R_2UlFSKBbA0fXdbr,60,0.7333333333333333,0.057089922571845024,0.46843853820598
sona,R_83EiaRsq3sC4uL3,60,0.7333333333333333,0.057089922571845024,0.4570135746606334
sona,R_8Jyr5B6qgYIje2W,60,0.7333333333333333,0.057089922571845024,0.46188340807174877
sona,R_8ijTHtSP7JUBEFb,60,0.7333333333333333,0.057089922571845024,0.46488294314381257
sona,R_8qWHNyEYjX3MyoT,60,0.7333333333333333,0.057089922571845024,0.43661971830985913
sona,R_2EpL0foAA4SCGtP,60,0.7166666666666667,0.05817438662555248,0.43333333333333335
sona,R_2ZrMRpejZlVgW65,60,0.7166666666666667,0.05817438662555248,0.43708609271523174
sona,R_2fTZXKVl8zncSat,60,0.7166666666666667,0.05817438662555248,0.43333333333333335
sona,R_82Md305s36JCDOS,60,0.7166666666666667,0.05817438662555248,0.43080357142857145
sona,R_292A4DkffLAMsRH,60,0.7,0.05916079783099616,0.39933259176863173
sona,R_8PRXnZvtGp1EaXh,60,0.7,0.05916079783099616,0.39799331103678914
sona,R_8ebtGY0ZMGLunZI,60,0.7,0.05916079783099616,0.3993325917686319
sona,R_8oAQF8lcUkjVjP3,60,0.7,0.05916079783099616,0.4098360655737705
sona,R_8zDg8XY5mKylTtS,60,0.7,0.05916079783099616,0.39799331103678914
sona,R_2kyIzIlgyrnP5PH,60,0.6833333333333333,0.06005398805642704,0.3666666666666667
sona,R_823Lfan5bWLyFJD,60,0.6833333333333333,0.06005398805642704,0.3666666666666667
sona,R_8x0bXJliFrXHQDn,60,0.6833333333333333,0.06005398805642704,0.35227272727272735
sona,R_2qtDPjJegydxweB,60,0.6666666666666666,0.06085806194501846,0.30555555555555547
sona,R_8K15nc72BKQAzmv,60,0.6666666666666666,0.06085806194501846,0.3311036789297658
sona,R_2Ix8oeFhSVxwIVz,60,0.65,0.06157651067303722,0.3076923076923077
sona,R_2mBRf1FbUj0rbxv,60,0.65,0.06157651067303722,0.29530201342281875
sona,R_24k0lsNV5uLKukx,60,0.6333333333333333,0.062212300796308524,0.26910299003322247
sona,R_2GZsHTpvGAagtDb,60,0.6333333333333333,0.062212300796308524,0.2731277533039647
sona,R_2SiCH42FLphpa2v,60,0.6166666666666667,0.06276794416591015,0.2350332594235033
sona,R_8LnkreZkmJJ6AkG,60,0.6166666666666667,0.06276794416591015,0.2087155963302753
sona,R_8jOME4qZnEBZtGJ,60,0.6166666666666667,0.06276794416591015,0.2483660130718955
sona,R_8oj8U9ynyrfJwKt,60,0.6166666666666667,0.06276794416591015,0.2434210526315789
sona,R_21ZJr3HeQ3LDpwP,60,0.6,0.06324555320336758,0.15789473684210517
sona,R_22mpf5qMRO2SfRS,60,0.6,0.06324555320336758,0.27346115035317853
sona,R_23HVULesiPgbQwV,60,0.6,0.06324555320336758,0.19732441471571896
sona,R_2bTY2oEOjFEyfmf,60,0.6,0.06324555320336758,0.2105263157894737
sona,R_2jk1q2NvHiyK5YO,60,0.6,0.06324555320336758,0.19999999999999996
sona,R_2a9QXkqRhvnsWWh,60,0.5833333333333334,0.06364688465216445,0.1496598639455783
sona,R_8hT3LD6zmsdXrEQ,60,0.5833333333333334,0.06364688465216445,0.17400881057268736
sona,R_8oRASnZkneeZhum,60,0.5833333333333334,0.06364688465216445,0.18831168831168835
sona,R_8siJXvBRm3MsUF3,60,0.5833333333333334,0.06364688465216445,0.1776315789473684
sona,R_2kbwrk21hRrNzY1,60,0.5666666666666667,0.06397337409104348,0.1333333333333333
sona,R_2tGN59Avfwn7WtH,60,0.5666666666666667,0.06397337409104348,0.1342952275249722
sona,R_85vzWLJpQPy8Kkf,60,0.5666666666666667,0.06397337409104348,0.12653975363941758
sona,R_8DfMbiNs80WAMX7,60,0.5666666666666667,0.06397337409104348,0.11262798634812275
sona,R_8MQgNdkCSJyZybr,60,0.5666666666666667,0.06397337409104348,0.09826589595375712
sona,R_8epWxH3BeTmeJjP,60,0.5666666666666667,0.06397337409104348,0.13716814159292035
sona,R_8h42ePUr5SfHQpr,60,0.5666666666666667,0.06397337409104348,0.13621262458471764
sona,R_20uWJ6ZOQKqKfg5,60,0.55,0.06422616289332565,0.08783783783783784
sona,R_87V9EdZfqqebecK,60,0.55,0.06422616289332565,0.11764705882352951
sona,R_8thd5zDFjORPUuu,60,0.55,0.06422616289332565,0.0402843601895736
sona,R_2CKgJswVYfvCqao,60,0.5333333333333333,0.06440611887195306,0.06770255271920082
sona,R_2lE36vX0AjxY8Pz,60,0.5333333333333333,0.06440611887195306,0.06562847608453841
sona,R_2lYQMy40XvMlLaK,60,0.5333333333333333,0.06440611887195306,0.06145251396648045
sona,R_80SWwn3ff520zDa,60,0.5333333333333333,0.06440611887195306,0.06354515050167216
sona,R_236Uo8MJ5OZLrEe,60,0.5166666666666667,0.06451385151296608,0.02027027027027029
sona,R_2F5qWgmk7bZ7zI7,60,0.5166666666666667,0.06451385151296608,0.031180400890868796
sona,R_8HwZIUGE6skavWp,60,0.5166666666666667,0.06451385151296608,-0.013986013986013842
sona,R_8zXYmUgGIVtXaBc,60,0.5166666666666667,0.06451385151296608,0.035476718403547894
sona,R_2jdDNiEcbMQa8lI,60,0.5,0.06454972243679027,0.0
sona,R_831EdNmqogtawkO,60,0.5,0.06454972243679027,0.021739130434782532
sona,R_8rT5rXSzN0dZmzJ,60,0.48333333333333334,0.06451385151296608,-0.037946428571428596
sona,R_2HhjKf7IGE66xCu,60,0.4666666666666667,0.06440611887195306,-0.0378378378378377
sona,R_8OCUxnOYFoZ5lT0,60,0.45,0.06422616289332565,-0.08791208791208793
sona,R_8PhpgZYybwSlQc3,60,0.43333333333333335,0.06397337409104348,-0.1345939933259176
sona,R_82VLzjp18BOoJNE,60,0.4166666666666667,0.06364688465216445,-0.16666666666666663
sona,R_8BeEysXo7okLDqx,60,0.4166666666666667,0.06364688465216445,-0.15894039735099327
