photo,Theta,sigma,n
1.jpg,1.1072725588511676,1.0137949933848045,170
10.jpg,0.6335132467178122,0.5676156923610999,170
100.jpg,-0.14101434122536743,0.16299201298777402,170
1000.jpg,0.25469035266405876,0.21081031626482089,170
1001.jpg,-1.0263462922987627,0.9960780342939634,170
1002.jpg,0.19447677651664896,0.15479030618281445,170
1003.jpg,-0.3216705613431238,0.3323415152222745,170
1004.jpg,-2.0234519471757126,1.9340933820797994,170
101.jpg,0.9088400078815617,0.8274092190493817,170
102.jpg,2.050452154072449,1.9009580180520753,170
103.jpg,-0.28680109439986756,0.29956823226394447,170
104.jpg,0.12746332143350125,0.0922201596269769,170
105.jpg,-0.07932711820783729,0.10529661952388387,170
106.jpg,-0.3171773719586855,0.32809763683289034,170
107.jpg,0.34259754341033677,0.2941093053304386,170
108.jpg,-0.35569767740879754,0.3643247316219352,170
109.jpg,-0.33584491381213327,0.34559869601560633,170
11.jpg,0.30119161891326623,0.2553338192977811,170
110.jpg,-1.9933951944992032,1.9058621826437652,170
111.jpg,1.592095415324887,1.4700157126566442,170
112.jpg,-0.359479349817282,0.36789707866326293,170
113.jpg,-0.4513299930610671,0.4549835005741579,170
114.jpg,-1.9944722901513061,1.90691523954991,170
115.jpg,-0.09542898717948001,0.11981731806021717,170
116.jpg,1.8518514998823377,1.7142343914834792,170
117.jpg,0.23656684514366358,0.19386288453940553,170
118.jpg,0.4542273935814377,0.3993313169248807,170
119.jpg,-0.14431469935060848,0.16573616925549117,170
12.jpg,-1.978828912519599,1.8920873396030662,170
120.jpg,-1.3784902613571821,1.3275055704970584,170
121.jpg,-0.8960744663023463,0.8732714083881136,170
122.jpg,-0.27357785270162627,0.28707984208256454,170
123.jpg,2.02845120349095,1.8803474693531266,170
124.jpg,-0.18968659776869656,0.20817208637072143,170
125.jpg,1.9611892788061502,1.8170409796528093,170
126.jpg,1.0500849666942504,0.9601892550536192,170
127.jpg,-1.8988200167044498,1.8169679252206163,170
128.jpg,-0.16736141435340063,0.18725601548775506,170
129.jpg,-2.0041570672577174,1.915930237740872,170
13.jpg,0.6168416775716543,0.5521214160341592,170
130.jpg,1.0292473511940714,0.9404056808144975,170
131.jpg,-0.27015051334227824,0.2839135918878903,170
132.jpg,1.0819096069494263,0.9899460274304687,170
133.jpg,-0.5120897923162357,0.5115708704554939,170
134.jpg,0.5313093068639517,0.4719112825882847,170
135.jpg,0.21794119754350036,0.17649892071037793,170
136.jpg,-1.947105131978467,1.8622238806297935,170
137.jpg,-0.44369371339612124,0.4471609134433189,170
138.jpg,0.6392951789194923,0.5734299965693981,170
139.jpg,-0.1676112857674865,0.18814636513164879,170
14.jpg,-0.09077350275019348,0.11559396305407399,170
140.jpg,0.5491976107112804,0.48845956730087264,170
141.jpg,-0.044875545918482924,0.07375944923763682,170
142.jpg,-0.16808682781526482,0.18803045707947064,170
143.jpg,0.6649876516157135,0.5978923584751822,170
144.jpg,0.9016522340350491,0.820464455892993,170
145.jpg,0.0050436194814044355,0.026574458207605636,170
146.jpg,0.8021417418487258,0.7268789088433798,170
147.jpg,1.9990902210893156,1.8526412660726392,170
148.jpg,0.6770178597405466,0.6089987445066478,170
149.jpg,2.1103523431414333,1.9573094609135973,170
15.jpg,-0.5439827568442145,0.5414643782360296,170
150.jpg,0.13214916223897744,0.09810871254833255,170
151.jpg,1.183446624389165,1.0855748726459329,170
152.jpg,-2.0368343885804556,1.9466910595017228,170
153.jpg,-0.004193483015421816,0.03680872910385664,170
154.jpg,1.0639917110559425,0.973245908529237,170
155.jpg,-0.18903367695894338,0.20761704943325396,170
156.jpg,0.09973520888556,0.0655824265448403,170
157.jpg,-1.9826165279001744,1.8957414598837827,170
158.jpg,1.1025025441063494,1.0094701268416535,170
159.jpg,0.04217853512680558,0.015860583828707066,170
16.jpg,2.077000186478928,1.9259662265436956,170
160.jpg,1.5294773431055906,1.4110837818528332,170
161.jpg,-0.3089959796020796,0.3204498961985859,170
162.jpg,0.16889852725925286,0.13072486125687294,170
163.jpg,1.729386396253259,1.5990344784152113,170
164.jpg,-2.0228132242789476,1.933492364769246,170
165.jpg,0.1751272572405646,0.13667238317361047,170
166.jpg,-0.43667176746110864,0.44060189536827615,170
167.jpg,1.06180523939557,0.9710071155164577,170
168.jpg,-0.12018069389689205,0.14358511296051316,170
169.jpg,0.7751951031238132,0.7015083758963656,170
17.jpg,-0.48696090643757084,0.4882026185678239,170
170.jpg,0.9639464124813496,0.8792467817159574,170
171.jpg,0.1257170077208084,0.0941094096257405,170
172.jpg,-1.880281987531664,1.799344800496513,170
173.jpg,0.18058668001857886,0.14482594562279563,170
174.jpg,-1.9963354638732533,1.9085675476428858,170
175.jpg,-0.34577928314791584,0.355028656781085,170
176.jpg,-0.2031108311302937,0.22198178034520114,170
177.jpg,0.294260214085169,0.24816223206763433,170
178.jpg,-0.31143379186915543,0.3229193544173652,170
179.jpg,0.05133821736333032,0.025576652948158606,170
18.jpg,-0.3148482115118259,0.3259789685052307,170
180.jpg,-0.12931147740453136,0.15163229825852262,170
181.jpg,0.2018562402185288,0.1618695376869861,170
182.jpg,0.039670507312333236,0.014307556030134732,170
183.jpg,-0.17752769320016043,0.19681694138939693,170
184.jpg,0.1586026359319498,0.12189351142495394,170
185.jpg,-0.2614573201376309,0.27567765499158536,170
186.jpg,-0.1968640218251293,0.2150275977454897,170
187.jpg,-0.17495842556771682,0.1943592733066362,170
188.jpg,-0.4279779706786646,0.43250897216525747,170
189.jpg,1.4237958184557018,1.3117128081347846,170
19.jpg,-0.3934294186163408,0.39980398630594144,170
190.jpg,0.5159083811417311,0.45715261498581206,170
191.jpg,0.17970483879772406,0.14171000836994688,170
192.jpg,0.1690310793654909,0.13049362501132036,170
193.jpg,1.5310592306675543,1.4124585350183418,170
194.jpg,-2.0050435005441454,1.916764607453845,170
195.jpg,-0.0331717391158371,0.06374585592095991,170
196.jpg,0.06480518934940332,0.03928326306967043,170
197.jpg,0.9965347042669499,0.9096163246517901,170
198.jpg,0.33697341694105015,0.28892361399306965,170
199.jpg,0.13912997386524434,0.10271298505523101,170
2.jpg,-0.0705531178063684,0.09668371658000198,170
20.jpg,-0.33178645072856167,0.34187160395726285,170
200.jpg,1.608152330540409,1.485042131961834,170
201.jpg,1.4938377047303306,1.3774550392536113,170
202.jpg,0.029960653911286148,0.018971539177312764,170
203.jpg,-0.11606677785911897,0.13912634129879772,170
204.jpg,-0.47168310856815965,0.4734276350424931,170
205.jpg,-0.049896064038929044,0.08177646979180983,170
206.jpg,0.1761301612117662,0.1376443550212485,170
207.jpg,-0.5042638186369814,0.5041162824322396,170
208.jpg,0.09053378646797988,0.0581486564930389,170
209.jpg,-0.2823257490889818,0.29551528129261784,170
21.jpg,-0.2554350428099274,0.2701464820413652,170
210.jpg,-0.20354151149233402,0.22149280124460421,170
211.jpg,0.04323896432169375,0.015795863401117688,170
212.jpg,0.31457379141503383,0.26726738846836734,170
213.jpg,-0.03580459952399879,0.06490818297270748,170
214.jpg,-1.696453083543291,1.626542442528017,170
215.jpg,0.2266415066891098,0.18694155038816748,170
216.jpg,-0.178174352905835,0.19767134224166316,170
217.jpg,-0.6105980770842493,0.6043708569689361,170
218.jpg,-2.0415372952665876,1.9511181206560249,170
219.jpg,-0.11311643246562648,0.1374487630807934,170
22.jpg,0.20286366784110504,0.1631938122062808,170
220.jpg,-0.2509775182380818,0.26629186803434135,170
221.jpg,0.19261542355794398,0.1539122468989744,170
222.jpg,-0.2869440293141429,0.29970055241114507,170
223.jpg,0.7354135343996213,0.6639663958460901,170
224.jpg,-0.412696508904522,0.41789249318714194,170
225.jpg,0.3800164132612661,0.32931088093220284,170
226.jpg,-2.0235358605089315,1.934172468117031,170
227.jpg,0.10376670384508167,0.06965762514129512,170
228.jpg,-0.25743453689970924,0.2720031227650723,170
229.jpg,1.0085817950815894,0.9210914540414029,170
23.jpg,0.36928058627007393,0.3186517185257369,170
230.jpg,0.12414984485897278,0.08925242735955399,170
231.jpg,-1.1797846596786905,1.1407282050886238,170
232.jpg,-2.01303044553965,1.9242832795381413,170
233.jpg,1.6070327412194423,1.4838992031892904,170
234.jpg,0.4867786953970334,0.4300434442638105,170
235.jpg,-1.7462031246293217,1.6733300263915512,170
236.jpg,0.31641959389041996,0.26925493680308416,170
237.jpg,0.1740710845444183,0.1358407516965886,170
238.jpg,0.6569875235774495,0.5903189213836729,170
239.jpg,0.03006665687115877,0.013361656157091681,170
24.jpg,2.1499379388545226,1.994567158355975,170
240.jpg,0.21610204897494825,0.17575358368157987,170
241.jpg,0.2986873935236124,0.2522972140058643,170
242.jpg,0.7738472794622009,0.7001850910342479,170
243.jpg,-2.0060231781128977,1.917686733859444,170
244.jpg,-0.27082110071168214,0.28450256900587,170
245.jpg,-0.017282419068216558,0.048093975208662154,170
246.jpg,-0.3073466213735093,0.31894865463453903,170
247.jpg,-0.42184248087895343,0.4265113501118026,170
248.jpg,0.2552408696249679,0.2119445195324616,170
249.jpg,-0.4136741396834302,0.41886359072640533,170
25.jpg,0.5268004089764977,0.46714410628462244,170
250.jpg,-0.22116362022103264,0.23783239036772652,170
251.jpg,-0.22904961071025182,0.2453273838315753,170
252.jpg,-1.4815954346846423,1.424418959852433,170
253.jpg,1.5471223138775423,1.427632859397404,170
254.jpg,0.9525204093601883,0.868497567776471,170
255.jpg,-0.4180407550595121,0.4230407548881396,170
256.jpg,-0.5517528268514935,0.5487859865487004,170
257.jpg,-2.0311464286926135,1.941336865322427,170
258.jpg,0.21648905656073597,0.17618296804617206,170
259.jpg,-0.49893822147017836,0.49903780581045043,170
26.jpg,-0.29142959689432046,0.30412620600993906,170
260.jpg,-0.17634192757859768,0.19570715836662692,170
261.jpg,-1.6655066467180637,1.5973962827969963,170
262.jpg,-1.9136646362051524,1.8307771502538226,170
263.jpg,-1.4773093959259613,1.4203317937906874,170
264.jpg,-1.935063335232241,1.8509029588949804,170
265.jpg,-0.3633260636437008,0.3714988550963656,170
266.jpg,-0.21583588843496307,0.23283637796024362,170
267.jpg,-0.6470792092432524,0.6392284454662165,170
268.jpg,0.1414335378121782,0.10519865707450253,170
269.jpg,-0.2801196591668216,0.29332033644728006,170
27.jpg,0.04703769943169565,0.020092073357553423,170
270.jpg,-0.41872363673254204,0.423631341030662,170
271.jpg,0.021520378820026158,0.016550292486904285,170
272.jpg,1.4184054560364674,1.306636208976687,170
273.jpg,-0.12229307952338271,0.14557727870918638,170
274.jpg,0.4494944566003358,0.39482029438771316,170
275.jpg,-0.037520367363812444,0.06695303343443304,170
276.jpg,-0.09182898824332894,0.1173672431755151,170
277.jpg,-0.2911017839200118,0.30356702716730877,170
278.jpg,1.2008982620618385,1.1020507467175298,170
279.jpg,0.5153845712047695,0.45657164260764194,170
28.jpg,-0.18218234756876595,0.20114642020382312,170
280.jpg,0.5402969961597217,0.4803295455683001,170
281.jpg,-0.4107488247952104,0.41609272017559634,170
282.jpg,-0.23272885850564481,0.24873670240885803,170
283.jpg,1.5911847891308601,1.4691261872845016,170
284.jpg,-0.9012835750438756,0.878268605101488,170
285.jpg,-0.8688152412950509,0.8475704117463231,170
286.jpg,-1.9131266425262727,1.830237827584525,170
287.jpg,1.00343067105757,0.9161468537274887,170
288.jpg,0.030685397705779282,0.012483584069161828,170
289.jpg,-0.2527160892310486,0.2676827963377647,170
29.jpg,-0.025163834780771253,0.05509596738960865,170
290.jpg,1.2635039254317781,1.1608090461666793,170
291.jpg,-0.03378817541930262,0.06339146553255365,170
292.jpg,0.3834375634302995,0.33369795630010113,170
293.jpg,0.6524602645957114,0.5861331152321423,170
294.jpg,-0.36978274085326307,0.37764980327558145,170
295.jpg,0.32345396763654727,0.2768722276846905,170
296.jpg,-0.0034149697347396796,0.03537190909169541,170
297.jpg,-0.11205874382066892,0.13570337545404235,170
298.jpg,-1.9840610071067288,1.8970134000592034,170
299.jpg,0.8192988391462066,0.7431370357739417,170
3.jpg,1.1671874350625593,1.0702073631169742,170
30.jpg,0.6646768369559115,0.5975412135321793,170
300.jpg,1.490739803570948,1.3746515598392377,170
301.jpg,-0.11583151359330078,0.13893735611215993,170
302.jpg,1.7012887175447342,1.5726052704855442,170
303.jpg,-0.4279057742319114,0.4324037545196452,170
304.jpg,1.9349100829964787,1.7923514808791472,170
305.jpg,-0.5780663491739783,0.5737300751635406,170
306.jpg,0.1840487970634596,0.1444214840884924,170
307.jpg,-0.38050656694052026,0.38763498225388715,170
308.jpg,-0.11092144378322913,0.13424068131108893,170
309.jpg,1.966246529046199,1.821844088381817,170
31.jpg,1.8043033877997297,1.6694577133841078,170
310.jpg,1.764088351872013,1.6316773318367437,170
311.jpg,0.9021266639985037,0.8211166114069407,170
312.jpg,-0.47724526869235173,0.478774327320282,170
313.jpg,0.15356491048019758,0.11618528578786891,170
314.jpg,0.41766193237726085,0.3649042065086026,170
315.jpg,0.012197350204552577,0.023171878118910905,170
316.jpg,0.12590687418228044,0.09177871294594596,170
317.jpg,-2.005158038204867,1.9168724896083316,170
318.jpg,0.039484895552142754,0.026962615576574686,170
319.jpg,-2.0445927227458096,1.9539943686379704,170
32.jpg,-0.23102783809036223,0.2473372550898715,170
320.jpg,-0.9290269954825008,0.9045909817275847,170
321.jpg,2.0738136186008744,1.9229670364978042,170
322.jpg,0.04377351342764327,0.021556391934007754,170
323.jpg,0.7593778154212816,0.6864981890715854,170
324.jpg,0.29279078770648853,0.24800993211861197,170
325.jpg,-0.4422255377336757,0.44567559949871655,170
326.jpg,1.709409323746359,1.5803172759129849,170
327.jpg,-1.8854995099135605,1.8043819177757132,170
328.jpg,0.9734659711813517,0.8884504267729246,170
329.jpg,-1.9936507079558925,1.9060406766340563,170
33.jpg,-2.044244980125948,1.953667152037077,170
330.jpg,0.036076975336402695,0.019340004582014424,170
331.jpg,-0.07709634024760842,0.10277966152050992,170
332.jpg,-0.36766033979957036,0.3755835714066539,170
333.jpg,0.08424304431804001,0.05109395358763779,170
334.jpg,-0.027074945938454015,0.05705086114210002,170
335.jpg,0.19715070771007973,0.1579952386070879,170
336.jpg,-2.0436056620078884,1.953065222413382,170
337.jpg,0.8407648315215704,0.7629043816080221,170
338.jpg,-0.00032200259409665994,0.032316173072683196,170
339.jpg,-0.062395943525136506,0.08937712257164619,170
34.jpg,-0.21723366791540116,0.23445809535839618,170
340.jpg,2.1307035033251336,1.9764827212599692,170
341.jpg,1.091743056073368,0.9992497521553438,170
342.jpg,0.15650438069246153,0.12073843478315338,170
343.jpg,-1.9719753371233435,1.8857293245881577,170
344.jpg,-2.0065225302729583,1.9182074005687557,170
345.jpg,0.19461010967589482,0.1546698891914756,170
346.jpg,-0.1906652094995381,0.20909824883314504,170
347.jpg,-0.03395235732062586,0.06385770812875514,170
348.jpg,0.22280534429131243,0.18228795914412263,170
349.jpg,0.5956606620884624,0.5325730050055234,170
35.jpg,0.3440349424935315,0.29523374122328694,170
350.jpg,0.04307985255112059,0.01989123537061686,170
351.jpg,-0.39271953445959834,0.3992839776568217,170
352.jpg,1.831423228803121,1.6949778983605452,170
353.jpg,-2.052890140390395,1.9618050916294159,170
354.jpg,-0.4056095056607479,0.4113424711001437,170
355.jpg,-0.04858208981211623,0.076658145366735,170
356.jpg,-0.04015348773384004,0.06808444869241383,170
357.jpg,-2.0233354766685423,1.9339841576796162,170
358.jpg,-0.49536378942518533,0.49563313071597215,170
359.jpg,-1.9972542536391074,1.9094324673705563,170
36.jpg,0.3633755353219092,0.31360576874246404,170
360.jpg,0.13375483793673765,0.09982173068117703,170
361.jpg,0.7508853238245866,0.6787159733026427,170
362.jpg,0.48429280508728045,0.427468180778991,170
363.jpg,0.16685590139623369,0.12878432237468257,170
364.jpg,0.38977766923819684,0.33877238046178415,170
365.jpg,-0.4368658612813661,0.44079146458786705,170
366.jpg,0.343790834611849,0.29532095457853574,170
367.jpg,-0.35259427545598415,0.36140830247276057,170
368.jpg,-0.26957023613395603,0.283292289875111,170
369.jpg,-0.1667324967151755,0.18676918265491627,170
37.jpg,-2.0280725053822426,1.9384430749679282,170
370.jpg,1.0112064473495932,0.9233743107857946,170
371.jpg,-0.19230062208731902,0.2109003220835113,170
372.jpg,0.09680836202261811,0.06295504783717899,170
373.jpg,-0.3790597909682436,0.3862859876601078,170
374.jpg,-0.09254391116951342,0.11728123934995308,170
375.jpg,1.2615142331946156,1.1590150692496133,170
376.jpg,-0.06620099029017994,0.09263737602790068,170
377.jpg,0.7620620533487316,0.6891425832261103,170
378.jpg,-0.3667250046499746,0.37475227041673076,170
379.jpg,-0.24390912482990892,0.25910250887720276,170
38.jpg,0.5385649993165326,0.47854955718105774,170
380.jpg,-0.6050139289947056,0.5989684878712113,170
381.jpg,2.033389397650782,1.8849794899418828,170
382.jpg,0.2091241045246514,0.1693860931926162,170
383.jpg,0.23072194808889013,0.188237178691369,170
384.jpg,0.40791978798153333,0.355564157250045,170
385.jpg,2.034459761768305,1.8859433913007382,170
386.jpg,0.4112645800786187,0.35858464491678826,170
387.jpg,0.5299734763374869,0.4709367856115346,170
388.jpg,-0.03131564432774667,0.060087125071085976,170
389.jpg,-0.23654663354967875,0.2523450512625685,170
39.jpg,0.1158606083707151,0.08096164684559695,170
390.jpg,-0.10611904544514064,0.12975523424595387,170
391.jpg,-0.24271585855044825,0.25808594961891657,170
392.jpg,-0.18465281575068843,0.2036862892483538,170
393.jpg,-0.5650327995674946,0.5615518120537002,170
394.jpg,0.5254305062489704,0.4663779866127446,170
395.jpg,-0.38372577220219567,0.39068658333858997,170
396.jpg,-0.07139842430318574,0.09794602323705405,170
397.jpg,-2.0297181995996314,1.9399921077397477,170
398.jpg,-1.3650443977038742,1.3147544985638107,170
399.jpg,0.16675154040668608,0.13051586555268369,170
4.jpg,-0.38918566982998576,0.39624383533844365,170
40.jpg,0.6014973167362373,0.5374733522799275,170
400.jpg,-0.16393543588151446,0.1844619731386871,170
401.jpg,1.6933422386748533,1.565112571275908,170
402.jpg,-0.17974971089085878,0.19903572758496402,170
403.jpg,0.9211341763632523,0.8386273516748661,170
404.jpg,-0.11606546930789748,0.13923847581540164,170
405.jpg,0.3277072302120208,0.28023660879193657,170
406.jpg,-1.9547928315426384,1.8695344313440814,170
407.jpg,0.7609899090145091,0.6878859365850855,170
408.jpg,0.10736065665070851,0.07274430522928314,170
409.jpg,-0.287609658124521,0.30029302125918644,170
41.jpg,0.127380109866614,0.09188551392142415,170
410.jpg,-0.014653514153526526,0.046755711358153915,170
411.jpg,0.41198156927191354,0.35995822265194116,170
412.jpg,0.5343784558315723,0.47519188420702896,170
413.jpg,-0.11298252249314332,0.13642242957389158,170
414.jpg,-0.38220060102500997,0.3892482762142468,170
415.jpg,-0.16960472340103575,0.19039930207102762,170
416.jpg,-0.05682050099412256,0.08391906051594412,170
417.jpg,-0.06891368304809772,0.0952076961795926,170
418.jpg,-1.5623710222187492,1.5003573941798907,170
419.jpg,-1.887690184398429,1.806354241757621,170
42.jpg,-0.029023258344194107,0.05805358567690854,170
420.jpg,-0.05855644747116675,0.08615805322928434,170
421.jpg,0.4826888525140639,0.426654785098744,170
422.jpg,-0.15131425676885182,0.1723212976127109,170
423.jpg,1.147924798134644,1.052124534475419,170
424.jpg,2.092821267521334,1.940832303392232,170
425.jpg,-1.944730863141924,1.8600096344967594,170
426.jpg,0.40842178739142304,0.35628180736816656,170
427.jpg,2.1363719915660475,1.9817995160801494,170
428.jpg,1.7262300890412523,1.5961051438581662,170
429.jpg,-1.987873158504745,1.9006011979205228,170
43.jpg,0.2060199819050413,0.16547852249360046,170
430.jpg,-1.9043454817064522,1.8220857519916056,170
431.jpg,-1.484722740607466,1.4272909861573673,170
432.jpg,-0.9118319031686932,0.8882844607385534,170
433.jpg,0.32360572500178925,0.27639814718946176,170
434.jpg,-0.3533313137795113,0.36223272603526824,170
435.jpg,0.11640552405462663,0.08093048182287045,170
436.jpg,1.632361212420181,1.5078600152576305,170
437.jpg,0.9844751833738371,0.8983323292508609,170
438.jpg,0.1331898627455234,0.09714709126333024,170
439.jpg,-0.31674331492713753,0.32768824226237775,170
44.jpg,-0.45340959233473543,0.45652908090438027,170
440.jpg,-2.0029643092699048,1.9148075372964755,170
441.jpg,-0.3350516781492458,0.34488927682771714,170
442.jpg,-1.970545324984597,1.8842896457874352,170
443.jpg,0.5817675356800823,0.5198161887660528,170
444.jpg,-0.19993120673086362,0.21838893689051103,170
445.jpg,-0.1542241760050448,0.1748736221679534,170
446.jpg,1.1651694100441712,1.0682990377561274,170
447.jpg,1.2270691632018618,1.1267539575479428,170
448.jpg,0.8449049639799119,0.7671085379646954,170
449.jpg,-2.0266924760158616,1.9371439621020614,170
45.jpg,-0.07559051532136266,0.10127782468598608,170
450.jpg,-0.08171030089903134,0.1067241486766754,170
451.jpg,0.4945294631901634,0.4374353928431507,170
452.jpg,-0.2507521047091193,0.2658650842072496,170
453.jpg,-1.9598755921898865,1.8743763020862365,170
454.jpg,-0.4911680391692103,0.49178069671649965,170
455.jpg,0.039964794112038945,0.021455914277981932,170
456.jpg,-0.24975546339133511,0.2646893278536218,170
457.jpg,-0.3733318547191053,0.3809459586070428,170
458.jpg,-0.16857276241616,0.18885400846934758,170
459.jpg,0.7026062071276009,0.6330704155670384,170
46.jpg,-0.456650281672738,0.4592335495463204,170
460.jpg,-0.4406865147551003,0.4442314715525444,170
461.jpg,1.6115277467360771,1.488183086347614,170
462.jpg,-0.4585576647378041,0.4610948189504681,170
463.jpg,1.224304714415787,1.1240877835020053,170
464.jpg,1.026193612984716,0.9374954256523987,170
465.jpg,0.9890068543789763,0.9026448132526982,170
466.jpg,-0.10405580271621978,0.12794334267633312,170
467.jpg,0.5164215083758827,0.457972612431753,170
468.jpg,0.30620323371185837,0.2602930422701541,170
469.jpg,-0.965420750684952,0.938735918655052,170
47.jpg,-1.9485974861753141,1.863629089248255,170
470.jpg,-1.9662473984398776,1.8802439197472,170
471.jpg,0.47708591208415285,0.4215372236849944,170
472.jpg,-0.031832751567449316,0.06104257583731152,170
473.jpg,-1.767956430257948,1.6937184238574519,170
474.jpg,0.3475783678961694,0.29956268865466157,170
475.jpg,-0.5282117692831623,0.5266998187807693,170
476.jpg,0.5290725843445132,0.47017566942138894,170
477.jpg,-0.003497259174340443,0.03517981629053951,170
478.jpg,0.03134265350858252,0.010426319794089168,170
479.jpg,0.012420743131872298,0.023141777446304936,170
48.jpg,1.199644065181409,1.1007358707703414,170
480.jpg,1.9716494635968684,1.8268494913464688,170
481.jpg,0.025475412218354043,0.02080915651507317,170
482.jpg,2.022137168084248,1.8743291137068725,170
483.jpg,0.09124970737414065,0.057406474443205284,170
484.jpg,-0.09410952109082747,0.11854814206895008,170
485.jpg,0.5276175597865874,0.46825018939972574,170
486.jpg,1.2839966009357515,1.1801341572005513,170
487.jpg,-0.45772868518574933,0.4603770309104507,170
488.jpg,0.009112003240713576,0.024217340502177092,170
489.jpg,-2.014221333535364,1.9254042395234408,170
49.jpg,-0.28187891977218754,0.29484822958929746,170
490.jpg,-0.48106605658468216,0.48253272355397947,170
491.jpg,-0.14967835553332834,0.1706971305282993,170
492.jpg,0.06494003499663728,0.03389347866358148,170
493.jpg,-1.9766019298869755,1.8899910668396898,170
494.jpg,-0.4824099088471372,0.4834597761422397,170
495.jpg,0.8765632638953995,0.7967525422329603,170
496.jpg,-0.29520183310046716,0.307908727395789,170
497.jpg,-0.5523454283478247,0.5497030153558541,170
498.jpg,-0.060839319850324085,0.08804818119652193,170
499.jpg,-0.28403156562892873,0.29690939566613145,170
5.jpg,0.5856482218756858,0.5229424584396722,170
50.jpg,-0.2217271470178186,0.23839522544987213,170
500.jpg,0.5563620932339303,0.49516073162145585,170
501.jpg,-0.2292095342214911,0.2454841932597348,170
502.jpg,0.42472851081474966,0.37166452964722035,170
503.jpg,0.2378143806190149,0.19508065879132352,170
504.jpg,-0.028003587550766353,0.0567242858386768,170
505.jpg,-0.4035003417315024,0.4093188079132543,170
506.jpg,-2.030208479759002,1.9404536775909305,170
507.jpg,0.5857141678331432,0.5227046463006902,170
508.jpg,-0.13091517189007235,0.15369122205544378,170
509.jpg,1.7856558258284783,1.6519534226192611,170
51.jpg,-0.34684552887238623,0.3560105992669483,170
510.jpg,-0.4279423181982597,0.4322546905695511,170
511.jpg,-0.6715436121872964,0.6617564796343489,170
512.jpg,0.7532600216415878,0.6805798505974363,170
513.jpg,0.5500609309501808,0.48925773167714,170
514.jpg,0.04729982055300428,0.01907117277463678,170
515.jpg,-0.34881952845831027,0.3577848914019319,170
516.jpg,0.6251920196109562,0.5600125573946068,170
517.jpg,0.08134256836527688,0.04867493307713351,170
518.jpg,2.1135571228503127,1.960364820094325,170
519.jpg,-0.21914939709130316,0.23614174751849573,170
52.jpg,0.1786263707858095,0.14045002505543602,170
520.jpg,-0.5235916535485318,0.5231808470686988,170
521.jpg,2.0725201579388757,1.921696843899604,170
522.jpg,1.6720598993301186,1.5450618212610234,170
523.jpg,0.5113800138137864,0.45344763482246425,170
524.jpg,0.3091149951899572,0.2623045843598896,170
525.jpg,0.035465660171019577,0.031206584953854352,170
526.jpg,0.09692426967780422,0.0652125820163955,170
527.jpg,0.2437937592010867,0.2007199023712334,170
528.jpg,-0.3236532157385781,0.3341779169531092,170
529.jpg,1.5102538560031729,1.3929814805229266,170
53.jpg,-1.407606593134743,1.3548400364656463,170
530.jpg,0.19245831921780213,0.15403933210351328,170
531.jpg,1.8216599730804408,1.685736454403569,170
532.jpg,-2.0179101452555526,1.9288767420803923,170
533.jpg,-0.04237325834599311,0.07095013913770218,170
534.jpg,-0.354101194218832,0.3629383124262572,170
535.jpg,0.08190263338056938,0.050062644120070235,170
536.jpg,0.15135128757886404,0.11417991691632241,170
537.jpg,0.45476029349378855,0.3997246992025384,170
538.jpg,0.18799679268631206,0.1498832748648434,170
539.jpg,-0.040394972259034836,0.0683682199035116,170
54.jpg,-0.32909905480488433,0.3392894407103859,170
540.jpg,-0.4591305189101069,0.4615530786376529,170
541.jpg,0.6428226887487151,0.5772548224557592,170
542.jpg,-1.3193649464029236,1.2717480592273862,170
543.jpg,-0.44519347885108,0.44857362250639454,170
544.jpg,1.8821860449118462,1.7428652617290605,170
545.jpg,-0.2922347034652356,0.30540780746573204,170
546.jpg,-0.442510341372662,0.4460419513274646,170
547.jpg,-1.953561110768811,1.8683441969070207,170
548.jpg,0.4282725200839571,0.3745912426742189,170
549.jpg,-0.06542783634964204,0.09234051542867132,170
55.jpg,-1.7693612780201786,1.6950689373275851,170
550.jpg,1.6954526438200528,1.5670348774584795,170
551.jpg,-0.41466083983138263,0.4197895045091944,170
552.jpg,-1.8980983479350726,1.8161064528902715,170
553.jpg,0.014581584401032464,0.02009409506749987,170
554.jpg,0.1568396880050812,0.1192289814307969,170
555.jpg,0.27091610539978533,0.22772354763735134,170
556.jpg,0.859880034342955,0.7811150359017143,170
557.jpg,0.005564823179256056,0.027318007522540516,170
558.jpg,0.4253707778209771,0.37178492779026573,170
559.jpg,-0.4854057806662304,0.48636981164412996,170
56.jpg,-0.137809593844277,0.15974117170410404,170
560.jpg,0.21645879763953252,0.17597403080017682,170
561.jpg,-0.22846397480108985,0.24476633459247907,170
562.jpg,0.3673096070321322,0.3176700070688293,170
563.jpg,0.8100910809966523,0.7341961508157862,170
564.jpg,0.8239109667254243,0.747243322982137,170
565.jpg,-0.18639976998644575,0.2053686005399554,170
566.jpg,-0.3713109756236063,0.3801987021640368,170
567.jpg,-0.858075273767456,0.8373307100340912,170
568.jpg,0.284235663041101,0.23981020334927608,170
569.jpg,-0.17095835032853854,0.19075306651199142,170
57.jpg,-1.8315533114246627,1.7535402636816084,170
570.jpg,-0.27712479574137533,0.2905372874283964,170
571.jpg,0.37639465818991524,0.3264605621560705,170
572.jpg,1.242361354594044,1.141060388966357,170
573.jpg,0.12409758561636648,0.09196767417404257,170
574.jpg,0.1112049965227018,0.07796214234779966,170
575.jpg,-0.28553479912044005,0.2984824824499647,170
576.jpg,-1.9433545078037626,1.8587107209681133,170
577.jpg,-0.4191346926886984,0.42397017984102137,170
578.jpg,-2.0465546416922753,1.9558411215827545,170
579.jpg,-0.038033208691908946,0.0660877389323442,170
58.jpg,0.05335680253449317,0.028205409874092653,170
580.jpg,0.6341671930300952,0.5684856976645606,170
581.jpg,1.6501996191711488,1.5244773228441484,170
582.jpg,0.006913935076055878,0.026693354669757013,170
583.jpg,0.44075598562084367,0.3862111815420156,170
584.jpg,0.6656879376016652,0.5980974436778081,170
585.jpg,-0.24300614607594756,0.2589931023009988,170
586.jpg,0.035000081057358745,0.029919474224010038,170
587.jpg,-0.553293016582733,0.5502914826473405,170
588.jpg,1.0782505174983312,0.9864814136215103,170
589.jpg,-0.31179296826127956,0.3235493522947267,170
59.jpg,-1.9233636742280233,1.8399447889054408,170
590.jpg,2.067675236107983,1.9171993558411555,170
591.jpg,0.09866558639023483,0.06487726988226099,170
592.jpg,2.0090545689833013,1.8620497792481516,170
593.jpg,1.9865972586920904,1.8409521844400183,170
594.jpg,0.952059088336989,0.8678379083263298,170
595.jpg,-0.13782515800869588,0.1597090334113081,170
596.jpg,0.22711216252985014,0.18523678140796385,170
597.jpg,0.9640365124503002,0.8790045186978241,170
598.jpg,1.45942847758668,1.3451061345816273,170
599.jpg,0.34396548122814263,0.2962268860327818,170
6.jpg,0.4620000259909054,0.4062073717408321,170
60.jpg,-1.9767281134000596,1.8901408389722216,170
600.jpg,1.8571528156032466,1.719181057159904,170
601.jpg,-0.1748842073092354,0.19460065446093974,170
602.jpg,0.2650169927074145,0.22185471612245833,170
603.jpg,-0.3451528200407437,0.3544749039961541,170
604.jpg,-0.2314200163967976,0.24750881272970626,170
605.jpg,0.12530198966968756,0.08928661808392092,170
606.jpg,-0.18367236304577053,0.20272347629911197,170
607.jpg,1.7674583342627561,1.634899883982124,170
608.jpg,-0.1507179227331521,0.17161614661767716,170
609.jpg,1.144665385636616,1.049045343073576,170
61.jpg,-1.8754981654137648,1.7949411932288837,170
610.jpg,2.046834814731381,1.8975676796884797,170
611.jpg,-0.2459588327627579,0.26111179245525556,170
612.jpg,-1.3831908308562004,1.331730414750411,170
613.jpg,-1.3674923918675441,1.3171053051154973,170
614.jpg,-0.5937608627271438,0.5885879508884312,170
615.jpg,-0.6531421287506158,0.644695209892615,170
616.jpg,0.16711680868740938,0.1289794648020772,170
617.jpg,-0.20373460495860843,0.2223387128111512,170
618.jpg,-0.04681379438673475,0.074682206778665,170
619.jpg,-2.0202554421530947,1.9310847802952122,170
62.jpg,-1.892693918365275,1.8110195763628045,170
620.jpg,-2.0189782342532907,1.929882127494754,170
621.jpg,-0.3233852837933677,0.3340923041883479,170
622.jpg,1.0525919586133476,0.9627019542913808,170
623.jpg,-0.22773593841661569,0.2440387089816416,170
624.jpg,-0.31358187351533606,0.32479334581480407,170
625.jpg,0.1937148156198319,0.1550323102946918,170
626.jpg,0.17176597369566163,0.13504940532581808,170
627.jpg,1.1315674646726257,1.0366938561102501,170
628.jpg,-1.9822847867370659,1.8953406528778094,170
629.jpg,-1.657859910860183,1.5902577080829332,170
63.jpg,0.06385398666207731,0.03260353873313203,170
630.jpg,-0.28271526415554826,0.2957944157447597,170
631.jpg,-0.7563457702539715,0.7418127954100198,170
632.jpg,-1.9653721162222892,1.879471357899392,170
633.jpg,1.8729370379264945,1.734011475405707,170
634.jpg,-1.2467386943356853,1.2033902035706758,170
635.jpg,0.17540066030582638,0.13666966897020877,170
636.jpg,-0.3888000168848433,0.39537781903421837,170
637.jpg,-0.41643383078336266,0.42151526639753606,170
638.jpg,-0.33883227335155175,0.34838267592864164,170
639.jpg,-0.9983531076964579,0.9696831506593321,170
64.jpg,0.1705852128289186,0.13197264445631185,170
640.jpg,-0.19403681059949215,0.2123434090716514,170
641.jpg,-0.20435743231411208,0.22274683646603696,170
642.jpg,1.8914509794705316,1.7514135282009207,170
643.jpg,2.1315573653286273,1.9772639018488047,170
644.jpg,-0.11384860369288735,0.13721440940911925,170
645.jpg,0.11448988867213784,0.08132566552952794,170
646.jpg,1.6289148101550632,1.5046666846342363,170
647.jpg,-0.09200659864690472,0.11682992114732872,170
648.jpg,-0.05925640197013971,0.08601114774158333,170
649.jpg,0.1309212537762837,0.09522718004274272,170
65.jpg,1.9696715794934512,1.8250047955175634,170
650.jpg,-2.052944756195042,1.9618565136475983,170
651.jpg,-0.12538780193287322,0.1479261929859895,170
652.jpg,1.4528722418429794,1.3390608575949754,170
653.jpg,-0.19198296168851142,0.21050983509023788,170
654.jpg,0.2676468732957035,0.22432599745831674,170
655.jpg,0.4009947958585905,0.3501133487763581,170
656.jpg,0.045812688678458155,0.017206703959300608,170
657.jpg,0.21363176591989785,0.172792423748573,170
658.jpg,-0.054175898942161196,0.08206371698702522,170
659.jpg,1.0063611342087877,0.9189377402934739,170
66.jpg,-0.07633737727095909,0.10263144192867847,170
660.jpg,-2.0409132026866517,1.9505305626535736,170
661.jpg,0.3643450865172968,0.3151497525269878,170
662.jpg,0.0684964777181145,0.03843956099097065,170
663.jpg,0.21233336175296277,0.17158870575076896,170
664.jpg,0.07911037653043354,0.047788140295236425,170
665.jpg,0.5457038879226644,0.485733090671597,170
666.jpg,0.08520214963074588,0.05263332609640646,170
667.jpg,-0.2287541064849869,0.24509276943585748,170
668.jpg,-1.9661662515509921,1.8801673442345257,170
669.jpg,-1.97462126334305,1.8881271867083327,170
67.jpg,-0.17866383244561682,0.19802396524369628,170
670.jpg,-0.2142216834442478,0.23135101329341223,170
671.jpg,-0.157387835725086,0.17902360311747872,170
672.jpg,-0.12399297789081984,0.14668050080996833,170
673.jpg,-0.6991943870349718,0.6880195667611163,170
674.jpg,-0.4915255384314835,0.492391491958469,170
675.jpg,-1.9628097277338385,1.8770081632094922,170
676.jpg,0.690849759621127,0.6219775734613626,170
677.jpg,-0.30903948272699666,0.32041310953658375,170
678.jpg,-0.09493421566866328,0.11998172152667323,170
679.jpg,0.17944917358253096,0.1409056884541646,170
68.jpg,-0.08724137090323154,0.11203303520778964,170
680.jpg,-0.4460366052773776,0.44996459394554095,170
681.jpg,0.21303542876933124,0.17265172977427623,170
682.jpg,0.1402108301694505,0.10315147761114098,170
683.jpg,-0.05312184933201422,0.0808977499803189,170
684.jpg,-0.16103336440647287,0.1815639954563703,170
685.jpg,0.3322675545327454,0.28475514484441844,170
686.jpg,1.0720676963230824,0.9806986583824365,170
687.jpg,-1.8496034495195843,1.7707549349839735,170
688.jpg,1.341625883243396,1.2343922343847593,170
689.jpg,1.191424469604251,1.093035920277845,170
69.jpg,-0.2177799632687343,0.23492476240512716,170
690.jpg,-1.751395337508831,1.6780903861384144,170
691.jpg,-0.007945219453817773,0.03924562682152436,170
692.jpg,0.0061978742655243195,0.02711540941325205,170
693.jpg,-2.004870898165438,1.9166022821362203,170
694.jpg,-0.04872678418173201,0.07641656512441226,170
695.jpg,1.4553041480803954,1.3413008247849076,170
696.jpg,-0.5447702873039761,0.5426059278728491,170
697.jpg,-0.23726914089643772,0.2528778627331156,170
698.jpg,1.6472956729075778,1.521867709097181,170
699.jpg,-0.38396477701618864,0.39088831094048,170
7.jpg,-0.16959354991666611,0.18935813133743465,170
70.jpg,1.1642155753673724,1.06726100501229,170
700.jpg,-1.8541083460953187,1.7753528214374357,170
701.jpg,1.3661976782171736,1.2575195919414492,170
702.jpg,0.19336124767189408,0.15386964983050253,170
703.jpg,-1.940985265050288,1.8564631681538963,170
704.jpg,-0.44193901780680045,0.44549488783764957,170
705.jpg,-1.9444217708250529,1.8597387129357144,170
706.jpg,0.5525139461651014,0.4922874901893959,170
707.jpg,0.6145082870648317,0.5501220610350214,170
708.jpg,2.012276578637851,1.865161512356272,170
709.jpg,0.14144852915516437,0.10503880466343837,170
71.jpg,-0.06018820279908169,0.08930930900200668,170
710.jpg,0.6077034839245312,0.544348948966146,170
711.jpg,1.0346908816249503,0.9457586213369038,170
712.jpg,1.9812676240443385,1.8359264090816099,170
713.jpg,-0.11195940733020557,0.1351002027348037,170
714.jpg,-0.08076681393875267,0.10637874678702235,170
715.jpg,0.8658697266150488,0.7867604413834495,170
716.jpg,1.514453233280838,1.3969574239608622,170
717.jpg,1.7400085903846925,1.6090535065678178,170
718.jpg,-0.5917558216868067,0.5877702854282266,170
719.jpg,1.9518794914851894,1.8082505505941453,170
72.jpg,0.4716336985959143,0.4155542407161086,170
720.jpg,-0.1109495935393223,0.13609795491256366,170
721.jpg,-1.90176842262955,1.819581350845604,170
722.jpg,-1.9939548386254626,1.9063274822398377,170
723.jpg,0.08562988157425912,0.052779579149442535,170
724.jpg,-1.6602445533881973,1.5926008179486746,170
725.jpg,-1.9041870878447889,1.8218960464861291,170
726.jpg,0.36352073696539194,0.31366382940954685,170
727.jpg,0.7684173592822404,0.6951009727704938,170
728.jpg,-0.48295125611234957,0.4839947558309326,170
729.jpg,1.58202636116205,1.4605752939943923,170
73.jpg,-1.98653181514011,1.8993385143977772,170
730.jpg,1.1606417223691678,1.0642036666823789,170
731.jpg,-0.0685617389760201,0.09528143813923158,170
732.jpg,-2.0148422388969287,1.925989111831013,170
733.jpg,-0.4573763849790805,0.4609985777693651,170
734.jpg,-0.32079308611344315,0.3314509927414125,170
735.jpg,-1.9110083510006883,1.828331899800279,170
736.jpg,-0.17009112609840232,0.19038552714507492,170
737.jpg,1.12803108776659,1.0333842586420903,170
738.jpg,-0.3443362379171698,0.35373655509756136,170
739.jpg,1.4105027681589506,1.2992395478496235,170
74.jpg,0.1803700578460937,0.14220025186271482,170
740.jpg,0.12559041159218,0.09475123410362138,170
741.jpg,-0.14370068675488018,0.16502056028467157,170
742.jpg,0.014079109444417193,0.023500564846874485,170
743.jpg,0.08486352090881846,0.05353117739307496,170
744.jpg,-1.7807134071798956,1.7057188669944834,170
745.jpg,1.0431867705615896,0.9536386329521587,170
746.jpg,1.9808979528776582,1.8356563244031736,170
747.jpg,-2.0202718859389246,1.9311001654359374,170
748.jpg,-0.5171574031983573,0.5178350107566415,170
749.jpg,1.9424191765743317,1.7994623344649807,170
75.jpg,-0.12665554767320344,0.1492375982753904,170
750.jpg,-0.11293753116650865,0.1362127306793241,170
751.jpg,0.13528361257173607,0.09940084806797915,170
752.jpg,0.7930529428420694,0.7183551492255178,170
753.jpg,0.16532769134971517,0.12851062849714726,170
754.jpg,-0.09112895521058886,0.1164645090696223,170
755.jpg,0.0971347444929287,0.06607589341120448,170
756.jpg,-0.2697572326586517,0.2837802620469904,170
757.jpg,-0.6009517696989849,0.5962837648527648,170
758.jpg,-0.09405534452910683,0.11831005900163415,170
759.jpg,0.11177687384856375,0.07672058224194073,170
76.jpg,-0.16867420256038756,0.18869409069004234,170
760.jpg,-1.9833561325864004,1.8963494738032676,170
761.jpg,-1.9513143728890914,1.8662799419592546,170
762.jpg,0.18891340748216479,0.15063443189633305,170
763.jpg,-0.06932145056613476,0.09793067896390606,170
764.jpg,1.0822625290385177,0.990621558020819,170
765.jpg,2.096145745981888,1.9439448335933893,170
766.jpg,1.9310444447009893,1.788657504145886,170
767.jpg,-0.035737211872268845,0.06393135733817258,170
768.jpg,-0.026241765779781333,0.056211547603330574,170
769.jpg,-1.902566073904894,1.8203182581503603,170
77.jpg,0.33203604284142874,0.2844507516927396,170
770.jpg,0.07303049090388909,0.04270007068349836,170
771.jpg,-0.5110638752259524,0.5104135999665818,170
772.jpg,-0.3526803338270852,0.36145761511434943,170
773.jpg,0.8391937662600536,0.7617147909913112,170
774.jpg,0.37803959371674606,0.3270465298843635,170
775.jpg,-0.049420058677747965,0.0780169455837275,170
776.jpg,-0.17714344585845979,0.1966829762653323,170
777.jpg,-0.300479030460986,0.31245152511862306,170
778.jpg,-0.3931555920707374,0.39960006064698084,170
779.jpg,0.0019583596979506823,0.03354275755049939,170
78.jpg,2.1217129097575675,1.9679965185549375,170
780.jpg,0.011144451001436429,0.026317685441381307,170
781.jpg,-0.03493659347540864,0.06446252508370726,170
782.jpg,0.4976547597436731,0.4398774848377734,170
783.jpg,0.6078287629609793,0.5440597526796549,170
784.jpg,0.396432776221968,0.3448052041063634,170
785.jpg,-0.15356534827235008,0.17434293053559205,170
786.jpg,-1.9803456113574824,1.8935150666706204,170
787.jpg,0.7546134476124862,0.6819847141899623,170
788.jpg,0.18425869775640186,0.14475224997823868,170
789.jpg,-1.9830189255785873,1.8960316818577725,170
79.jpg,1.649040207390661,1.5234930193340046,170
790.jpg,0.1612900886516313,0.12324069223155756,170
791.jpg,-0.3194565385041007,0.33021005482420107,170
792.jpg,0.41352660469585945,0.36081590576493994,170
793.jpg,0.05559040356865299,0.025471787351462556,170
794.jpg,-1.1353022188106907,1.0986521181147755,170
795.jpg,-1.932585019379469,1.8485903883670973,170
796.jpg,-0.15479422866962925,0.17545379844753542,170
797.jpg,1.180621603646398,1.0828331086837495,170
798.jpg,-0.5023168737984882,0.5024024818322225,170
799.jpg,-1.6885821422040819,1.619096469669565,170
8.jpg,-2.017100163374909,1.9281141424682289,170
80.jpg,2.042715487975963,1.893667827469985,170
800.jpg,0.01898603685752487,0.018995484455061783,170
801.jpg,-0.16729387369139534,0.1873038577986512,170
802.jpg,-0.49576386824216984,0.4964667294487946,170
803.jpg,0.34453361846886316,0.2956575479056475,170
804.jpg,0.5845810713896799,0.5221247125641519,170
805.jpg,-0.10990933725412058,0.13348472794238553,170
806.jpg,1.6846402059187249,1.5569517423137955,170
807.jpg,-0.519511638591312,0.5183917958619279,170
808.jpg,-0.10114691812369689,0.1250969846915372,170
809.jpg,0.15778913689465077,0.12119378490479168,170
81.jpg,-2.0285550357459567,1.9388974577061575,170
810.jpg,-0.21437568252289704,0.23154465733648533,170
811.jpg,-0.2379499676960513,0.2537603985685016,170
812.jpg,0.6976154873025706,0.6282556976330261,170
813.jpg,-0.28014967684764874,0.2933672386459263,170
814.jpg,-0.041007754642071334,0.07218470570057733,170
815.jpg,-0.11002966099460035,0.13355384248205657,170
816.jpg,-0.46713029959163577,0.4690880024013582,170
817.jpg,-2.0244362377097906,1.9350201865618777,170
818.jpg,2.17074400218702,2.0141541914051335,170
819.jpg,-0.3443103774183942,0.3536546036800598,170
82.jpg,-0.45834804206836294,0.46085526630433304,170
820.jpg,0.020487647188421023,0.017925730018702977,170
821.jpg,0.21118933098973233,0.1703796101240521,170
822.jpg,-1.9996177861872082,1.911657259698962,170
823.jpg,0.18779737551703662,0.14821756932200417,170
824.jpg,1.6065218304556341,1.4835434740519815,170
825.jpg,1.180269109658773,1.082552581685655,170
826.jpg,2.041214331170436,1.8922409838261962,170
827.jpg,-0.058128308588947755,0.08507534663196858,170
828.jpg,0.46944199990323704,0.4137231606508467,170
829.jpg,0.432624758896705,0.3788261988425034,170
83.jpg,1.7047936132193313,1.5759419937509531,170
830.jpg,2.0720327842309287,1.9212594267300134,170
831.jpg,1.385380354910531,1.275591231777412,170
832.jpg,0.1054019445576465,0.07047485780004256,170
833.jpg,-0.36401486207489403,0.37215679104790317,170
834.jpg,-0.04169303137639314,0.069668983257727,170
835.jpg,0.9337284919605736,0.850572463259826,170
836.jpg,-0.23380034721656756,0.24977240284250657,170
837.jpg,1.2215424431008644,1.1213184685596942,170
838.jpg,-0.12212385906041025,0.144650774902162,170
839.jpg,1.2398257875092022,1.1385591586568409,170
84.jpg,0.2876919430628319,0.24207691901001896,170
840.jpg,-0.5292464114771889,0.5275818640353584,170
841.jpg,-0.08940562602965603,0.11418382253937272,170
842.jpg,-0.45942629221694986,0.4618426650613978,170
843.jpg,-0.09726325577841001,0.12186783903883973,170
844.jpg,-1.994692289673551,1.9070207875524539,170
845.jpg,-2.0469305261736097,1.9561951060500418,170
846.jpg,0.035158868612095696,0.017971467921184852,170
847.jpg,0.19072729276933847,0.15168999609269546,170
848.jpg,0.1771957151916301,0.13961424196074276,170
849.jpg,2.053566995421979,1.9038948148005843,170
85.jpg,-0.30841088864670035,0.3199440346197059,170
850.jpg,0.06318912417989508,0.031195756306546567,170
851.jpg,0.6101257634434053,0.5457887034609625,170
852.jpg,-0.11492621469672441,0.1380702584791562,170
853.jpg,0.24063378791457501,0.19917920540475806,170
854.jpg,0.04831884450327471,0.024458572865233754,170
855.jpg,0.3255417725449532,0.27814706686508817,170
856.jpg,1.5246131759195662,1.406413803175756,170
857.jpg,0.05862790904414389,0.02905028817394056,170
858.jpg,-2.0455450403142077,1.9548908051541922,170
859.jpg,-0.03824431302533978,0.06683064001519144,170
86.jpg,0.2780984659416486,0.2332026260802892,170
860.jpg,-0.3549562640671267,0.3637489592747696,170
861.jpg,0.012290044075121534,0.021832629165295093,170
862.jpg,0.08190689166373535,0.049983182081494014,170
863.jpg,1.65998496536793,1.5337482036712105,170
864.jpg,-0.5843245482235052,0.5794828002887724,170
865.jpg,0.42367073318468773,0.3707390471447765,170
866.jpg,-0.3724383593752087,0.38014509588683826,170
867.jpg,0.696975232297544,0.6277419479897353,170
868.jpg,0.09411643649952096,0.060310476483621055,170
869.jpg,-0.3213290174729055,0.332057611650111,170
87.jpg,-0.497829235998039,0.49850146972231607,170
870.jpg,-0.3977246787122383,0.4038417843260627,170
871.jpg,-2.0013526976181257,1.9132903868945965,170
872.jpg,1.2061151506677301,1.1067170213513546,170
873.jpg,-2.0113088956400245,1.922663142114441,170
874.jpg,0.06249643232483898,0.03233096486495735,170
875.jpg,1.1077138759292282,1.0144216616786308,170
876.jpg,-1.3746603113917357,1.3238562285107784,170
877.jpg,0.0989905080336802,0.06465311139913495,170
878.jpg,0.6597447151461758,0.5925905118057535,170
879.jpg,0.055953910755758396,0.026711671018664597,170
88.jpg,0.11995818449756465,0.08428185556824073,170
880.jpg,-0.09560307256129436,0.1199383966755943,170
881.jpg,0.48871488388930007,0.43163680166658613,170
882.jpg,-2.0422081800445366,1.9517496497060596,170
883.jpg,-0.18510730188469582,0.2038806122392748,170
884.jpg,0.3839393716113212,0.3331625352071655,170
885.jpg,-0.25374857229617204,0.26854382199840676,170
886.jpg,-0.41431344731375425,0.4194140312424538,170
887.jpg,0.3774275999405676,0.3269116652032725,170
888.jpg,-0.7715505826393312,0.7564377252016483,170
889.jpg,0.044322332611233285,0.030271282111309583,170
89.jpg,-1.0658411359339521,1.0331820767923463,170
890.jpg,-1.942542970691332,1.857929862712454,170
891.jpg,-0.375487315831743,0.3829743726351609,170
892.jpg,0.052252841415019256,0.025940747030031023,170
893.jpg,1.2332519003888305,1.1323604510468641,170
894.jpg,-1.0319593962901745,1.001188181545139,170
895.jpg,2.118539859823583,1.9650451752758114,170
896.jpg,-0.3740500185381134,0.3825305785560447,170
897.jpg,1.5317212310730928,1.4130694623398456,170
898.jpg,0.26098371759442834,0.21807365821330532,170
899.jpg,0.7772986212960752,0.7039257774950138,170
9.jpg,1.8665666452731935,1.7281325045457205,170
90.jpg,1.9560017343927256,1.812107592308705,170
900.jpg,-0.4760272314404101,0.47752242481187274,170
901.jpg,0.5756766697853094,0.5141009823301033,170
902.jpg,0.3890988952231672,0.33859262544001406,170
903.jpg,-0.34219623606880484,0.35163907329140187,170
904.jpg,0.25263449677111566,0.20907665691019697,170
905.jpg,0.20339348062800344,0.1650716616859587,170
906.jpg,0.08003704987604414,0.04788631124320112,170
907.jpg,-0.4452934567391431,0.44909162764389654,170
908.jpg,-0.40831562590626586,0.41397328199552447,170
909.jpg,1.6629526767148417,1.536642579786968,170
91.jpg,-0.3956893397684326,0.4019328840667441,170
910.jpg,1.2654223680602132,1.1626996952758408,170
911.jpg,0.20788546429031496,0.16711837671569701,170
912.jpg,-0.1987300894944375,0.21670668263573664,170
913.jpg,-0.6867461860527174,0.6770950128728959,170
914.jpg,-0.09761320983835628,0.12289981661053498,170
915.jpg,-0.06474960565205538,0.09148632698957467,170
916.jpg,2.0324124632864717,1.8839927348412309,170
917.jpg,2.0365071881754577,1.8878320534819533,170
918.jpg,-0.6249106657983229,0.6184243448786213,170
919.jpg,-1.9872636160042398,1.900027434211975,170
92.jpg,0.8761536154517975,0.7963171129355285,170
920.jpg,-0.2846574333179571,0.29777282384982856,170
921.jpg,-0.34058820288391833,0.3502969674057912,170
922.jpg,-0.2855293963503236,0.29842294711182416,170
923.jpg,-1.957431681420689,1.8719510108593715,170
924.jpg,-0.1836907002779791,0.20263083147569882,170
925.jpg,0.0464094712195087,0.019829404907469653,170
926.jpg,-0.27233376489001704,0.2863708769500855,170
927.jpg,0.16091298392618122,0.1244644925886755,170
928.jpg,0.18570072370684956,0.14722111563635948,170
929.jpg,-1.7875953519434178,1.7123789911501803,170
93.jpg,-0.17616289268416502,0.1955762920998442,170
930.jpg,0.44868288614292606,0.39391903383644333,170
931.jpg,-0.03751528811005416,0.0664316144300656,170
932.jpg,0.5934752151223868,0.5305058880861245,170
933.jpg,0.14689243437225022,0.11254135341825384,170
934.jpg,-0.19251881867019907,0.2108805000096384,170
935.jpg,-0.147682650962335,0.16905847580445438,170
936.jpg,1.5654082086078132,1.444983131784166,170
937.jpg,0.35818427828443644,0.30943001822796073,170
938.jpg,0.09247538745358522,0.06275023200675044,170
939.jpg,0.17505564665949752,0.13749303205706626,170
94.jpg,-0.054567350094777596,0.0815882734143164,170
940.jpg,0.6570560670063142,0.5900420788620526,170
941.jpg,-2.0068837610354304,1.918526647621522,170
942.jpg,-0.08124295399206566,0.10693742011383832,170
943.jpg,0.47637555220400357,0.4203220636175353,170
944.jpg,-0.13650222605011067,0.15910560597322018,170
945.jpg,1.65175897076665,1.5261239111247304,170
946.jpg,-0.03685810230394484,0.06540149635457874,170
947.jpg,2.0374035213989914,1.8887246332696623,170
948.jpg,-1.8981631002236667,1.8163038721535305,170
949.jpg,0.6217521079239353,0.5570945614843137,170
95.jpg,1.9861053465259357,1.8404819534291812,170
950.jpg,0.3377545845701411,0.289202286318333,170
951.jpg,-1.8422317214475188,1.7635717484947422,170
952.jpg,0.17762468238848036,0.1403581934593905,170
953.jpg,1.9492421073291717,1.8058513049784455,170
954.jpg,1.4948050727799242,1.378429397558501,170
955.jpg,0.0384048746912584,0.015679675104398175,170
956.jpg,-0.08269181522062545,0.11409238910195407,170
957.jpg,0.9418447188969935,0.8584692530008687,170
958.jpg,0.1752104619396183,0.13663108842205302,170
959.jpg,0.3784093556476033,0.3282967182543716,170
96.jpg,1.3071853657294517,1.2020271618471678,170
960.jpg,-0.3307348567136721,0.340865015634172,170
961.jpg,-0.38058587005977984,0.3877693045114392,170
962.jpg,1.9657104123478002,1.821404672480083,170
963.jpg,0.03728201871810433,0.02229755486981691,170
964.jpg,-0.326303787921461,0.33676825846705083,170
965.jpg,0.4331030281035931,0.37954109189179663,170
966.jpg,0.06849658489341902,0.03803581101101854,170
967.jpg,1.032726459492835,0.9438592161844289,170
968.jpg,-1.924711661251656,1.8412677887866287,170
969.jpg,1.9434874790666112,1.8004161809211618,170
97.jpg,-0.06970381933137061,0.09546183568600924,170
970.jpg,0.8951521264822176,0.8141195161882668,170
971.jpg,-1.5886181236476165,1.5250392927529235,170
972.jpg,0.11550266836060505,0.08175199120888377,170
973.jpg,1.3679038945782753,1.2591767318904745,170
974.jpg,0.38642309022269117,0.33498155001660196,170
975.jpg,-0.2529577292661534,0.26806642795987673,170
976.jpg,0.047263218999849574,0.02091575737346728,170
977.jpg,1.142114522500354,1.04669247629946,170
978.jpg,-0.07023923692200784,0.09633614490948264,170
979.jpg,0.6736701193933144,0.6058368408527522,170
98.jpg,-2.0439545406008772,1.9533939987287838,170
980.jpg,0.22274026215728304,0.18159434413593697,170
981.jpg,0.5700727643597306,0.5084225812520368,170
982.jpg,0.20900944303400476,0.1710210321123556,170
983.jpg,-0.16718152322544996,0.18726575554849628,170
984.jpg,-0.13974456913328787,0.16154828150140033,170
985.jpg,-0.2629472204104646,0.2773213866433669,170
986.jpg,-0.07048980369540832,0.09677755836898505,170
987.jpg,-0.06553132861997302,0.09219780738247944,170
988.jpg,-0.25483984511528474,0.26953445277568117,170
989.jpg,-0.08904155567316553,0.11389928264113992,170
99.jpg,0.255652619727567,0.21244679785585097,170
990.jpg,-1.8777066552857047,1.7969421248452235,170
991.jpg,-0.06307241172222573,0.09039257732317459,170
992.jpg,-0.3352334780920503,0.34510586643697905,170
993.jpg,-1.9896161744307512,1.9022421018791928,170
994.jpg,-1.9708463796708948,1.8845884893417035,170
995.jpg,-0.4113498042135123,0.4166955895524535,170
996.jpg,-0.2964145547182837,0.3090133683926793,170
997.jpg,-2.017679605925892,1.9286596694943954,170
998.jpg,1.6916815343878,1.56364422987664,170
999.jpg,-0.03227320470248344,0.06174850813123376,170
